"Month","Auckland","Bay of Plenty","Canterbury","Gisborne","Hawke's Bay","Manawatu-Wanganui","Marlborough","National Total","Nelson","Northland","Otago","Southland","Taranaki","Tasman","Waikato","Wellington","West Coast"
1993-01-01,0.353379310934598,0.266789165524585,0.350941910431083,0.252795547734338,0.274423782140299,0.358049649754513,0.218314075576063,0.386285542857932,0.289477929894878,0.324676291327798,0.422410140032194,0.292393408036806,0.361056011810182,0.380848435241259,0.318820448278855,0.379996254333991,0.352419657400529
1993-02-01,0.357654588142203,0.275052119413692,0.371846009273628,0.280695767277041,0.277067382872104,0.34749147602888,0.220224813156122,0.391423411419691,0.250502210775199,0.292211730604492,0.456238888742697,0.302646564480513,0.339187222368259,0.258615937257339,0.318940107918634,0.393387582269032,0.379760244309051
1993-03-01,0.370123303494833,0.315175553829502,0.388133275435364,0.279536713900445,0.284519211508957,0.460508635179,0.187654774674243,0.416893698787184,0.238367048711509,0.320122373043507,0.524911374909088,0.312010756133903,0.336984985518404,0.411606188307176,0.340011439227646,0.391131501451684,0.324541488538286
1993-04-01,0.339142007344003,0.322118692974303,0.363796745039472,0.334734798787,0.260092310368286,0.413392065951534,0.211617859610277,0.393829039390109,0.307659368702197,0.290048510077338,0.459977696751223,0.292049727327134,0.369032370795119,0.35676916740806,0.326749651164288,0.358226883644463,0.35133074150348
1993-05-01,0.368007512943268,0.271142446303483,0.375114697165232,0.293173035035043,0.272408040548115,0.348633797691038,0.324299428673215,0.399141348535408,0.23908739344317,0.282526648873914,0.429238241335911,0.26041193326206,0.332273577599626,0.347382436035456,0.335085454151515,0.405284640718588,0.416563751098116
1993-06-01,0.36151865683022,0.2818992461608,0.345966521924038,0.246554802564256,0.28036217160642,0.319985483821424,0.244977483527508,0.385811107677376,0.284285023990844,0.322990402246544,0.453292297778637,0.288127911809235,0.319810624767588,0.37472752081554,0.316952315268923,0.382551856273994,0.326440275211151
1993-07-01,0.358952408492244,0.281603642904768,0.341596484940038,0.217096800493819,0.273903989158871,0.338356863498551,0.195763979571791,0.393297066851387,0.309329590623946,0.319433125011399,0.414950290017055,0.297590413596475,0.350025703650359,0.307614559518823,0.315427784585638,0.376827639855905,0.319146678377641
1993-08-01,0.343610068790062,0.275060480950126,0.331973148838813,0.288073670632223,0.253346469279018,0.339057474852834,0.283405076820166,0.381059209201952,0.232246362295407,0.294183904280049,0.398358406512323,0.318431944491126,0.337743795080292,0.343840126542273,0.309370819904315,0.374517189316462,0.353687896342075
1993-09-01,0.360819081124135,0.274745648653123,0.344430399003506,0.222952852379537,0.22733491749649,0.296458124431024,0.169065741221146,0.379620081029411,0.208932332518607,0.28111161577665,0.429570016100739,0.262658125479329,0.339715424993015,0.273128669495325,0.302687832110074,0.377121663682103,0.408287737103973
1993-10-01,0.351089156214685,0.275671552198327,0.378942243147408,0.282546778471034,0.261093975609112,0.334062790920233,0.188681478388852,0.391585748839744,0.207598999581219,0.32006709641701,0.461826414808455,0.361775786766637,0.320270235227425,0.294378386750742,0.328511844729587,0.366334398494941,0.260730229389947
1993-11-01,0.345566674752399,0.272045557802383,0.335980411146197,0.242800709291345,0.256339900037714,0.345838492102096,0.233054854609621,0.375554474146605,0.212061298786354,0.317227836804629,0.429725851723738,0.276325826024941,0.292780657066245,0.28831010220949,0.322053128491918,0.371869071940569,0.333084867067094
1993-12-01,0.349881062986861,0.301864728461903,0.379522356056962,0.398595239798384,0.260837178704504,0.338459787690489,0.189846333799329,0.385301997305003,0.251663088618931,0.298372732631401,0.420755986728466,0.260909500488062,0.271401478161132,0.303445288526573,0.323908719861833,0.377844798576545,0.323520436320733
1994-01-01,0.373007143966983,0.268729458487281,0.355967223843874,0.207197617721875,0.252748506079289,0.351187213023166,0.206030311231218,0.399457539034746,0.262322951946418,0.334169177055161,0.478554677148865,0.348014380125496,0.341417026924537,0.382228762380613,0.332852526340431,0.390282053021067,0.399036035020278
1994-02-01,0.358789738914642,0.299851362577509,0.373658534032517,0.182572539262474,0.310141475098388,0.385979153684057,0.271727756730702,0.404142672548027,0.25828077069296,0.330043342394824,0.458715579991609,0.351108346906014,0.366032372414511,0.368893630399201,0.315945492007197,0.391739114372045,0.503838290494673
1994-03-01,0.370950375061548,0.274932889474619,0.400076821322118,0.251203056375976,0.253742501414106,0.433941802430369,0.219683361046195,0.420439403987578,0.273328442166555,0.297770745999683,0.524365326059781,0.32488732012404,0.335445444595018,0.417906381175083,0.33585102822395,0.4048125527897,0.354348076979662
1994-04-01,0.361246953006579,0.273211251351322,0.371157724782255,0.231557851432478,0.258072138457114,0.366508536385353,0.331707210162371,0.400285257254868,0.222675959244423,0.319105556995686,0.494273818953139,0.373345990679196,0.303964936584149,0.309133970948901,0.309389911429457,0.394032869996062,0.409776389067335
1994-05-01,0.342734792108031,0.245339554088244,0.348996805325183,0.214050773682813,0.254121174035487,0.388451696314642,0.290762635701665,0.391236837702778,0.210735314998596,0.290704920809281,0.446554865550439,0.281043480868425,0.325466500878219,0.385955136013594,0.325395170291548,0.3743653784654,0.295419423829055
1994-06-01,0.348875015097506,0.276227217409989,0.342940294072517,0.265057589963808,0.277592799130924,0.329170710197021,0.249372193097191,0.390831786854267,0.279242962959013,0.326571385854049,0.41306353354194,0.337023455934267,0.31513335693851,0.355283630145335,0.318009066048666,0.37469813241498,0.269211820022288
1994-07-01,0.356882461324626,0.252301327326522,0.377197746789323,0.242305273328186,0.264203723212884,0.371424090387313,0.238412612813585,0.39567582576729,0.228815365687846,0.248913910605192,0.37716417286032,0.321401649946954,0.35571931286855,0.339536376003188,0.305168853717351,0.419901000163788,0.25531802804074
1994-08-01,0.348788997487866,0.271832075904486,0.336709282988034,0.211246956541228,0.232206355767282,0.342370442444328,0.234711147934649,0.385862107524516,0.249515577061348,0.296438604095032,0.400480547896694,0.321351014414066,0.300672545022326,0.220581798827162,0.308667896069742,0.386019402720993,0.207203940261789
1994-09-01,0.364348746684271,0.282363904417318,0.336959247620256,0.264843423359439,0.259282961785921,0.290424843107512,0.211813340078707,0.398018430578078,0.255443423065806,0.300123286560545,0.429738595495764,0.327327243096373,0.307829060130846,0.270936869682071,0.331446733830373,0.404192895936813,0.267715429350143
1994-10-01,0.383995254702799,0.261700888442018,0.369859331472035,0.209551866375515,0.240811225857851,0.328815585541233,0.263326624985533,0.408833463508044,0.218668861773656,0.335866470520998,0.509307336864415,0.305642733070957,0.341784931332473,0.257171355254004,0.311799478259748,0.384775533991962,0.223967380975095
1994-11-01,0.362894379568935,0.251642552730182,0.373070564478202,0.266669970550171,0.261564113388554,0.331287968471552,0.180609626542716,0.401389272109085,0.249268095058344,0.303429129856148,0.463335228493207,0.311020262593478,0.345125191644844,0.374265462643438,0.315359599550437,0.402782435929094,0.284151566110465
1994-12-01,0.365549859052145,0.27941761907241,0.342243632311128,0.250156747813008,0.252008927737532,0.364694225350453,0.300749909796748,0.403821065873316,0.234301007470685,0.265577295729462,0.40166877280078,0.340606992490631,0.274002558277738,0.282878582306736,0.332000859412601,0.364437086127781,0.347376948507735
1995-01-01,0.365096094596328,0.26267147286491,0.362796930466457,0.198291004897477,0.277315776021963,0.369747421058877,0.172725722131239,0.404826448133725,0.274137617190421,0.31822173127949,0.486235195264664,0.290979731977911,0.339117647911912,0.237943820592449,0.312346543978243,0.389661868607947,0.28376271133157
1995-02-01,0.373197081988034,0.275349800864408,0.374556930522762,0.262776200716443,0.276588030609189,0.350914236618625,0.20350055277737,0.421085925200348,0.242262527156213,0.362685777739044,0.459007253726305,0.390150880061007,0.348747585531036,0.568202102425161,0.335296335225059,0.41460740515361,0.326329556503291
1995-03-01,0.375330550977409,0.271205454041141,0.421270524243707,0.21068813787246,0.28832744523312,0.453340529848349,0.189259814660812,0.436136446250224,0.242805074583348,0.292528893982395,0.499245149916655,0.338039296869491,0.339728803901731,0.385409128556225,0.378837360347719,0.380855699906499,0.389722745742571
1995-04-01,0.373729051959101,0.257864608826816,0.382283097135965,0.207866394677848,0.241288205442008,0.378523264205058,0.239453868054364,0.415432355230686,0.214507425432443,0.363057738281322,0.466772895380995,0.335985963469289,0.302117974510856,0.373392495586841,0.335382575556412,0.386343566565363,0.298146462915896
1995-05-01,0.373372192697708,0.283954445504848,0.36277715212628,0.239286065772175,0.247182048550767,0.358819475582378,0.298831920980324,0.4217137400147,0.283040370846288,0.332476913932706,0.426483594606823,0.294168206649595,0.291476386451987,0.343780953536948,0.34054033456748,0.406529099617282,0.279087474322013
1995-06-01,0.360940309303723,0.288589412437513,0.349170381641215,0.208308630683622,0.262642144922864,0.332589106881362,0.255522038083445,0.41686777534824,0.24297104290517,0.280048267950663,0.441647235926941,0.343407808238834,0.31318189179968,0.219234073614006,0.377309926040748,0.396909846159889,0.314309281117646
1995-07-01,0.367240385047188,0.298262937232656,0.361382625000991,0.192034050815634,0.262878395753541,0.332529800245896,0.24381084809093,0.409027393281511,0.262497929442397,0.281740513341349,0.391466922813732,0.302350737624825,0.278075086292424,0.355210560214766,0.317250818843501,0.379637065134866,0.321999233874684
1995-08-01,0.360264705592854,0.2743868937238,0.366146361916542,0.391386641336303,0.234615086687317,0.315587370829698,0.191021008755757,0.420559753931042,0.333895796478043,0.323234838205085,0.42918819819476,0.347831131923329,0.349579227190476,0.316107361440333,0.320095896671984,0.417281460843285,0.244314283746109
1995-09-01,0.348578341643143,0.265801125978259,0.350457666413062,0.206533170822883,0.276241667467088,0.299948931681345,0.270288919699734,0.4118389614256,0.268858796969693,0.295761635798544,0.456203298995273,0.320641289871314,0.365630629969454,0.301531656470291,0.31608442444356,0.371695226694613,0.341090240312865
1995-10-01,0.352900182435871,0.27885768911471,0.34434524523647,0.178109586301751,0.256785308193837,0.316180778546449,0.18096530390975,0.420041387669029,0.25548027265432,0.293544054566803,0.467210180099874,0.307279068343206,0.312043493862659,0.280463345333363,0.372350848095653,0.393317112771735,0.282558715129027
1995-11-01,0.366061500818761,0.256422989327008,0.35664020990022,0.261480639632965,0.248414341240038,0.346382305616443,0.195249956905484,0.42482415353191,0.27253433651054,0.299088729595875,0.484618673456691,0.272333718324142,0.321166651150342,0.326486996360521,0.355292490729906,0.407109213348965,0.234057537014985
1995-12-01,0.374296556720697,0.321613755347946,0.356344072994506,0.205678600017696,0.246772883884947,0.356212168519178,0.286047244838584,0.435889132795618,0.341249953453809,0.270145062842256,0.525893880841258,0.285811193563666,0.295908408496781,0.277134715307523,0.334821339836369,0.391220657258202,0.247938960230616
1996-01-01,0.382564486219019,0.311796251533971,0.346184566748948,0.249517782687418,0.24445474320377,0.358490652767909,0.272626921540285,0.429252841986146,0.266717976076823,0.29126211461486,0.467792527468787,0.320551554395579,0.346989785449629,0.399055483332647,0.333607772599384,0.391012367877145,0.266286508173828
1996-02-01,0.368148315450593,0.289706670158188,0.410835493683129,0.259428804347077,0.277074679440467,0.405788482183861,0.211407806798255,0.447142157866145,0.254700467178172,0.349042614665151,0.452868905634272,0.410477325144313,0.343403200962594,0.365718174491846,0.361114568004734,0.417798466589307,0.373311099806724
1996-03-01,0.360910758014652,0.285731694969848,0.38842537085014,0.241456012167661,0.322159131623292,0.42022884720545,0.494906839130324,0.464078215824244,0.246261238754188,0.40402228543952,0.568101860816203,0.318231673630182,0.367177662813243,0.338404471340702,0.388683215169151,0.425103155310118,0.354433996816243
1996-04-01,0.351816523301391,0.290070204217742,0.408793645604568,0.334012910953702,0.275677537052915,0.349078384484172,0.154377023688146,0.446280842550732,0.322018598515065,0.314245905273109,0.50182050194069,0.345557908014112,0.316084563382132,0.448035419155781,0.355459779434491,0.40278973527034,0.548369956050653
1996-05-01,0.345058502215433,0.274441672093839,0.361950285300107,0.20090321013341,0.25447243925255,0.331880383841126,0.277332610297861,0.432457373990794,0.272954112582505,0.303182101679007,0.442610703765713,0.319399655836263,0.354705422640889,0.353526985251556,0.352609374951821,0.411993087814792,0.346833082751253
1996-06-01,0.334497579577175,0.273607376759968,0.386112498536912,0.329650830197029,0.290690720829653,0.327408841890433,0.275817543802275,0.429193686936531,0.2946073364477,0.349271467632906,0.440502756826539,0.271891963439918,0.290751657931182,0.566561295849807,0.329236508949021,0.417017927970118,0.403141284956255
1996-07-01,0.330473820775903,0.275725316381004,0.346253377239614,0.19720119187272,0.245912966036809,0.356759981626016,0.26012477950552,0.426690582027016,0.303320388226497,0.310038233448138,0.443643914987445,0.29573666923081,0.328098461101365,0.284129589454313,0.346259377076705,0.40565641383828,0.23402333985987
1996-08-01,0.35371204668116,0.314982071559866,0.343450726898748,0.230104382032662,0.293432451341866,0.333597489284346,0.278681231641129,0.43976692088984,0.252643969800371,0.328505299719869,0.451714851610828,0.329884771213061,0.324387653304179,0.330716739708603,0.335535593702859,0.416625243666695,0.246002524487387
1996-09-01,0.333587751890723,0.280531207456673,0.353572060371599,0.324016398398456,0.28664790784019,0.31155245378955,0.215867339602613,0.433011033515035,0.256541882705879,0.334208845683784,0.457831705742963,0.321854159949079,0.353579629867983,0.301285990663817,0.33318493415903,0.420805899675878,0.369889988267438
1996-10-01,0.348684466331692,0.301513144980234,0.359848484062227,0.316742550952404,0.265798628280438,0.333359478455842,0.221635298603987,0.442951828386158,0.288070717397682,0.274121226388545,0.486872745020938,0.319671563576658,0.293112529097352,0.280657836759468,0.364596298797137,0.433078510068544,0.261299939919748
1996-11-01,0.332427771521594,0.292509828399547,0.367236987942349,0.25724297415248,0.278708316967921,0.349995906951106,0.236625828563902,0.439240412649898,0.359930726692365,0.34904410493733,0.474213204847127,0.317158932599184,0.339846768380435,0.369815522303786,0.354011403220666,0.42095677471403,0.281033871620606
1996-12-01,0.323638081627482,0.280998263399081,0.409586823769077,0.339583288162748,0.310350990539167,0.378036782475464,0.31469838557302,0.439846824022921,0.28012314541093,0.363374064106464,0.504811045606037,0.296762550139615,0.368843663613567,0.343940614237034,0.342699570814774,0.423127714038231,0.279464878465641
1997-01-01,0.320691502263009,0.312526145618579,0.352316789339762,0.292003532276603,0.311167461078917,0.314578171956356,0.234232455403556,0.438294871172573,0.333676375329908,0.313683522239418,0.479460160587992,0.333078266675714,0.322339377878708,0.313699362165676,0.426784524283401,0.42398744008726,0.323809302603016
1997-02-01,0.352913774074765,0.268660233431483,0.396063197427982,0.251823801528108,0.27969335482359,0.37437661835294,0.267603001564293,0.447304048850065,0.2191674058787,0.362326666628581,0.483221718315966,0.444991415270027,0.300540417540202,0.366478685172825,0.344239444666094,0.420974849413688,0.285879502867124
1997-03-01,0.359753998820062,0.276205166932454,0.416513964946334,0.363629507257266,0.259493098353958,0.434180265188423,0.227274111180771,0.46663093653956,0.273934271101651,0.315380779513403,0.51955809454759,0.395899078583405,0.357819874141203,0.291377677868609,0.389803855158648,0.448088816689409,0.270416032386303
1997-04-01,0.338936897000414,0.273888600973723,0.40079287808984,0.316125488179794,0.264838414039474,0.378386326280901,0.243830020363696,0.445992729424558,0.329005349355229,0.283541510877922,0.468249677134666,0.341903253500175,0.319372917705959,0.302967811921499,0.342576337090065,0.447432307495988,0.316325087987749
1997-05-01,0.342462385342321,0.254593362053576,0.37726092829795,0.326533916888432,0.295211771781591,0.33513054803779,0.246259092074169,0.443536197168886,0.29530000630238,0.327250180566815,0.489265377636274,0.330262556393481,0.326583693715745,0.373514697962118,0.332366298947794,0.418440162315371,0.27637530841885
1997-06-01,0.332071217996734,0.278115406276697,0.391441591128576,0.245594395170768,0.280067451082067,0.328100209785738,0.23169377393642,0.436241815762669,0.271845713908492,0.270042620893755,0.417102379599221,0.352903148127522,0.34495722408498,0.318272885258474,0.344312580150629,0.426214610168125,0.229918589607419
1997-07-01,0.326423570760001,0.278789014439894,0.394617685650317,0.394678436766426,0.290438356888981,0.352313876677361,0.244424448012503,0.435311517338026,0.280299185379233,0.328705331676738,0.428723163823804,0.288086257945015,0.327263265414132,0.256190549764801,0.338798104572222,0.420280884721512,0.227982694837018
1997-08-01,0.318816836831568,0.26211359484062,0.372952499953328,0.321771204107739,0.267620234569151,0.357110769278251,0.201749473645625,0.430324682752224,0.26421206035657,0.358344682515277,0.426455087746192,0.333538258662927,0.34375445749608,0.32146020061773,0.327543487969236,0.431113186366686,0.295749240699291
1997-09-01,0.319953209849461,0.261266235875743,0.398796786846736,0.286841335428961,0.271356815414535,0.385999048170421,0.249773639105275,0.441097729935466,0.326633600735058,0.317386745232462,0.442829109687987,0.315300032639359,0.30897422403617,0.333736282240903,0.347033743932873,0.443183590405211,0.293581708763495
1997-10-01,0.322143808033042,0.247022599542389,0.364261735487739,0.266347136258281,0.274337403949621,0.33981126514136,0.221551617094282,0.419683406806666,0.251570651240872,0.275623922321376,0.483255992831356,0.298878531227446,0.320032517509043,0.367579913060074,0.308490209856351,0.403739711772958,0.217319942536142
1997-11-01,0.329813586058615,0.262758450428218,0.371489296541328,0.221010273919496,0.31026964117262,0.339260785574978,0.196524463733083,0.429202065196365,0.249552042348226,0.294249190146118,0.48949789776127,0.357174680708327,0.387901204688464,0.241018570938516,0.352080296458378,0.416737447562663,0.299060099363105
1997-12-01,0.31145940623424,0.277082269143425,0.383972497344382,0.221214965407693,0.246344858981881,0.377262930605008,0.2888235877016,0.426133788568907,0.310452779507523,0.307947644136816,0.433687555205733,0.331641135044389,0.322472768390198,0.393933199366499,0.332131621575972,0.434905824541701,0.355896836729717
1998-01-01,0.319777098796296,0.283347995666848,0.389036858066558,0.261382723391184,0.242749010804542,0.358670867456244,0.229942975918389,0.428810697878784,0.260871716276031,0.312400631500511,0.510835504839243,0.379949831843033,0.28718540910837,0.316500561476533,0.34239685419298,0.400169452483347,0.37367584260855
1998-02-01,0.323199953744626,0.276008455543666,0.420197548365467,0.260257431304878,0.287041827288497,0.383440892482246,0.234526736859031,0.445006357758439,0.259284759762075,0.348966336519314,0.478796106333798,0.300520766090604,0.32167492488519,0.424189614354825,0.389027761796335,0.426649557958099,0.400930744201961
1998-03-01,0.323256517226606,0.280709574505156,0.384089551001279,0.232892473221222,0.300333145777183,0.431404703858037,0.250347554765032,0.44322427424262,0.249627599522684,0.330023746528944,0.522026201726371,0.367151934742383,0.346850015940868,0.371309554767541,0.357368793511045,0.430433146925043,0.269200175734595
1998-04-01,0.320911557868252,0.298562895036479,0.42462171430549,0.201536547560416,0.258744350850195,0.384638401584867,0.242002934764345,0.437826503765379,0.266607016303412,0.290436404435373,0.480961313690898,0.295236412033049,0.283909634076496,0.264482385904101,0.350094200958673,0.442121799861933,0.253237115566346
1998-05-01,0.327172681150335,0.308484552855251,0.374666196746995,0.368978055106095,0.260193718625511,0.337621943632771,0.24155212572406,0.428087037553113,0.246112222913821,0.300901181712557,0.463852993435007,0.307463484127027,0.319967979439386,0.32946352850184,0.355237069921534,0.398636671416951,0.285638296488601
1998-06-01,0.341553923100826,0.284638358093654,0.361199058084328,0.299838497983621,0.26561328679216,0.36190900930195,0.219255552036244,0.427274842900077,0.314298600238704,0.285562784436995,0.418049331434477,0.299218931378611,0.357482767213138,0.262581294667143,0.322618697373169,0.424058338726123,0.261309457119509
1998-07-01,0.318924043934329,0.255876191498739,0.362930983701623,0.239383732942916,0.252603119975819,0.357977287084334,0.271343888959969,0.419643923749045,0.24674661114164,0.333865254148881,0.389279170519328,0.347051557751562,0.316193417689408,0.383930848752853,0.327696225218411,0.431669980352325,0.275619539437497
1998-08-01,0.327668612296453,0.291270488114519,0.378094155235756,0.242562238779237,0.262469925614619,0.308620865929532,0.226553569239256,0.415916674415411,0.241707605992998,0.255846139140551,0.410711149807716,0.321875139738944,0.30615873371562,0.351100419325344,0.324172733965897,0.410993852555243,0.25137099827187
1998-09-01,0.316793583496522,0.286104413697712,0.379809698143679,0.262818108477822,0.236555578718879,0.340177186813434,0.267762740278062,0.421820624841532,0.229391825896362,0.288236039547706,0.444224200809695,0.328225124524722,0.316257538218471,0.268634225045651,0.315489865787589,0.42220059337078,0.259837898725953
1998-10-01,0.316502702748027,0.25632488922257,0.373940818025554,0.263275022104546,0.255419468729792,0.345818707032378,0.287461316597877,0.417254667090445,0.253472724053726,0.273974124677201,0.496770391592601,0.31857397598802,0.329242431870501,0.237556178401095,0.352102530646911,0.393496497324083,0.270695243684801
1998-11-01,0.321842302725162,0.25495512546576,0.375361130451595,0.205858329256313,0.250823459548966,0.365007828340216,0.260687659471232,0.416654990778339,0.256955046439181,0.259644196719089,0.467933326095446,0.278128413343235,0.365510785930975,0.259818451870985,0.338589026534996,0.401465719163858,0.220678431432518
1998-12-01,0.319808899147684,0.293294856551269,0.3686808482925,0.249940828622477,0.241933475371857,0.370847399451968,0.232662119127053,0.409962531869077,0.267759995752831,0.274824602442096,0.464927261518582,0.322750901663175,0.304878846243659,0.291803807687563,0.338374079665756,0.381795022385005,0.243465687905449
1999-01-01,0.335535585651277,0.265626004391808,0.418940391982568,0.244069253443318,0.275476635810241,0.332860334856551,0.254170104185503,0.428324063317462,0.277950296372017,0.285685399232478,0.518108266674186,0.301323498444682,0.316109350260939,0.277242705120906,0.334762131359814,0.401072336212942,0.294836579152971
1999-02-01,0.331220205315192,0.279047308025642,0.379942938803398,0.250836780452699,0.289226497059242,0.398115672663813,0.287463391362609,0.427930236705123,0.222071337877706,0.31542983664994,0.472898975140444,0.342586233065462,0.34151572371391,0.321357515419029,0.353374083228282,0.41444127615788,0.332813901265412
1999-03-01,0.335017359196085,0.263555337289411,0.419055683582606,0.338289003642233,0.257576794562803,0.396751544076933,0.27518490146494,0.43118224205027,0.244220993538841,0.32342039119702,0.528410592354373,0.293985807607116,0.348587612184604,0.332838913605662,0.333110321887664,0.395870041370789,0.349842995489988
1999-04-01,0.328147676189069,0.275908897145732,0.381418769574168,0.230666911243424,0.285043530198194,0.360364919555817,0.27119567305409,0.420234541831545,0.240707728610868,0.304589696557634,0.45957682988278,0.36055073916045,0.347502349047603,0.368574516233569,0.32643521939709,0.425522852752482,0.270375038384922
1999-05-01,0.331903634405303,0.268135224647705,0.517841025244092,0.341104696785111,0.253208236689784,0.354371563555628,0.232292065478704,0.446272795033222,0.249339297701463,0.279352106272547,0.433014678925252,0.345166179830148,0.343794236409584,0.330040589187551,0.348700911467614,0.435909844866335,0.279044791238804
1999-06-01,0.32845699512915,0.261206498033079,0.383823642205488,0.205187894341201,0.240595900161858,0.352575635851684,0.241609549757515,0.41415142025832,0.240965100859758,0.27991063080082,0.469602124806251,0.281647217909137,0.352544553972782,0.281617920337269,0.305184656441599,0.404089218380218,0.32993975600108
1999-07-01,0.351850023157679,0.266719476517122,0.401933354053455,0.231737546346602,0.289066604765725,0.316870259938107,0.233207205973433,0.432195414914836,0.228212101402197,0.286153456553619,0.549801607362211,0.330770852095893,0.37590636524652,0.265875924505994,0.352093595785321,0.380403622329725,0.293735989921676
1999-08-01,0.347460550781661,0.275412991867163,0.356900376963543,0.348819766553219,0.266722509520845,0.324729207515254,0.258797481644453,0.419839868913196,0.229100484659401,0.285807223237688,0.561826424654148,0.348938657688725,0.313940453115831,0.281401748668467,0.313201682977334,0.391594980578216,0.245771394445339
1999-09-01,0.345120488254711,0.275405560142667,0.429622435844091,0.248879960311251,0.247868194342946,0.356184444152374,0.264851375008933,0.43605629002156,0.272121384897753,0.281644398762396,0.511788310229916,0.303690197217499,0.330507831953509,0.242702915036862,0.362034351274775,0.416640554401971,0.260341837625737
1999-10-01,0.347355621661266,0.273381158072445,0.395835855756977,0.293692357299318,0.25099636692051,0.340895163095662,0.231253149455457,0.420227519180009,0.267892483779404,0.25874542480227,0.522634188296967,0.358898056607503,0.313971690919304,0.351482246768369,0.310872795104643,0.397956299406146,0.285846539546414
1999-11-01,0.357772407917048,0.263223429156643,0.423946505028461,0.256916895362043,0.301582357562811,0.377922789809474,0.22256821910645,0.438267619306646,0.232310327780545,0.311185201540418,0.525200450975935,0.315017592121655,0.336161549877208,0.325510612963303,0.304489501570543,0.42134200250365,0.307481262337292
1999-12-01,0.339023806127709,0.265840089073083,0.396650816858127,0.393330085754805,0.263056159588589,0.358829296241468,0.205432424513132,0.424807342522243,0.261672487859303,0.357992773987348,0.485525085400336,0.327398681121299,0.312107011056348,0.305873429905652,0.328605251958463,0.401846948303425,0.348064438475981
2000-01-01,0.32368072194497,0.277618589218782,0.386546080177951,0.257619118082182,0.283993356159488,0.370245648835336,0.266645245321546,0.420563075158298,0.235884855667992,0.335571249269999,0.507716813666333,0.374211959818728,0.300208403819571,0.307322977682549,0.331076580975502,0.400592028179189,0.324843756156605
2000-02-01,0.33228224415376,0.261334231664083,0.415411278776977,0.359527451738004,0.25351236067717,0.356904167845255,0.231380684863518,0.437608344564847,0.264064207336304,0.317987618938841,0.501880791855678,0.360695880355646,0.372303166997277,0.245268881636028,0.330949966443487,0.451153028235883,0.339734791869356
2000-03-01,0.342420976782997,0.271503257579283,0.384668503739214,0.350833875957677,0.283582172873901,0.407495057708296,0.271905039394824,0.437045126396556,0.246039100538657,0.288544525036792,0.56862696751092,0.351743612505263,0.361990508922747,0.313420970920396,0.351845159004789,0.428839053479589,0.362163616604088
2000-04-01,0.339406234636568,0.300748672377592,0.390898530483368,0.237646639381373,0.241024593568898,0.389865683795018,0.242218402752981,0.433067159774989,0.24679371725101,0.278639721690709,0.494048179112656,0.321193580627962,0.319281451169609,0.294122317546243,0.344145434787825,0.423857601634072,0.282645209253282
2000-05-01,0.345631368438339,0.255237851574935,0.392790526670425,0.230921758058828,0.23854384266403,0.358838862466821,0.237942754945104,0.418875180077379,0.278682356376439,0.256676585678943,0.482295856341362,0.304892708310912,0.333180836800227,0.352018050688244,0.310153666962349,0.393244568822433,0.252813731260514
2000-06-01,0.348024399389289,0.27885726383734,0.362851959359701,0.285389659461406,0.253997748621894,0.335626990187854,0.25209089792253,0.416094995784017,0.199839265507105,0.276158987943529,0.43291893307555,0.269038841888032,0.338198636214543,0.38134395862063,0.312733802041084,0.400860411384572,0.324497945078197
2000-07-01,0.336398629235658,0.281531075277262,0.377149205577578,0.251548635942816,0.268146953290854,0.333250698417562,0.280722810255566,0.418101165927186,0.266004597236462,0.280142788328129,0.45772554618021,0.323122266898262,0.305199963172479,0.258276014601395,0.325736683822831,0.384181838387237,0.339406370062935
2000-08-01,0.327009513611937,0.276046726633415,0.354886871590174,0.37045932706063,0.261304120039747,0.336305072627723,0.226666916765921,0.413793851878891,0.259848986493933,0.299091313686237,0.421710452021547,0.299191808098295,0.332232023495594,0.285026744248287,0.304084265686255,0.401791317032182,0.307290625680801
2000-09-01,0.330747848916748,0.297293753952418,0.373091397346781,0.225566705937943,0.244741813515229,0.32821994281783,0.237597135065399,0.417005411747758,0.260961191510451,0.291887181065892,0.505356350906178,0.284309076157013,0.310567147146036,0.299033300720679,0.31114207839236,0.388514517236287,0.312991491897151
2000-10-01,0.331221861361981,0.285340701692176,0.373867872304283,0.292440508626211,0.284108388674791,0.326675188021409,0.26666400149323,0.410628583010175,0.246574518169064,0.26568413158085,0.457513209747138,0.310870058518863,0.33245844636712,0.303332300645289,0.322929888456754,0.382876316751821,0.42334819074084
2000-11-01,0.330493012045497,0.312881983078657,0.398929411537233,0.224526484430955,0.26493925613351,0.359955682430913,0.395394413735323,0.418107860252459,0.245293618614115,0.29945130998868,0.471356865233316,0.288843120315311,0.323310372418881,0.293983048230381,0.324387704652098,0.396603500450185,0.35617097721171
2000-12-01,0.347561751568985,0.279238785306266,0.375390609587189,0.219310357231147,0.255155013272085,0.370074600312139,0.268865132042653,0.425806894115353,0.316818822817204,0.287782428754181,0.469562067654012,0.343976974069626,0.368443691083074,0.392323278617983,0.325172852684087,0.401800601387191,0.287645954049924
2001-01-01,0.361574914275799,0.288684249033701,0.373576302070457,0.264028962639392,0.257852370403913,0.372870353622746,0.243426931751327,0.430936249605176,0.244707543940123,0.29871620343391,0.489293543680768,0.310479455938398,0.352947155856987,0.283060540359684,0.324407226155317,0.401374352131684,0.345026888547047
2001-02-01,0.348581888629509,0.284166116865123,0.403018193019022,0.447265077677667,0.284790527673704,0.391241151594935,0.303866732060553,0.439755794625563,0.246276159583787,0.270846053333679,0.503752062975409,0.300876040982434,0.357474666626228,0.382405770771169,0.33046388337993,0.42315181087063,0.338391983322953
2001-03-01,0.349308635842806,0.300469768261167,0.447097234155759,0.376213316911663,0.258840974434105,0.407476502263598,0.346535140588475,0.453373347363796,0.278466173788156,0.297438343212828,0.543974062411775,0.405075402115629,0.366174615469988,0.362759274717237,0.358275162971813,0.425529259977403,0.339725530947536
2001-04-01,0.346830631613648,0.317466479613756,0.379655985717042,0.357238825248013,0.264262108837209,0.385929980302987,0.383805381394397,0.439012577471564,0.246976842478978,0.311485200438462,0.515948534872689,0.343250577197042,0.381829876555863,0.295100081408191,0.344726835493003,0.420171278633677,0.322484664888526
2001-05-01,0.356509947819809,0.272720917642915,0.389703916749539,0.270476405699899,0.291602934459933,0.345421136247944,0.24272717362569,0.427996794974617,0.247554937974384,0.288451575242653,0.497589839644434,0.325415306794366,0.360550153019677,0.262710526695836,0.34245312429412,0.402498382927925,0.445619412641108
2001-06-01,0.356020788057672,0.299485422264489,0.371895248200759,0.370066929744444,0.254936497103945,0.346341521917021,0.239677240723616,0.432216170833562,0.246204737030264,0.273550324879504,0.461372054634279,0.340340090908263,0.347287819965185,0.25521010734652,0.323591339079705,0.448118682131546,0.308177265553462
2001-07-01,0.347775463752119,0.283085756304629,0.382914610868714,0.220489355865653,0.322191718473075,0.344027075928749,0.305558231732125,0.426282427757736,0.271483784544834,0.280311111987805,0.463966724152904,0.310519732478004,0.349764009883123,0.317176432608674,0.347100685249837,0.390065824407126,0.280866082282865
2001-08-01,0.344623273708936,0.29122244469966,0.381706345251126,0.247041021997458,0.291035101702852,0.401851490474181,0.302569272397844,0.435777359099023,0.279159284869019,0.283702032903133,0.526007460676311,0.350834947869554,0.3572124835101,0.265493742138029,0.33089864550017,0.4112806303244,0.372074971228205
2001-09-01,0.350562682187422,0.281222135651387,0.358585816008034,0.305713821394255,0.27627465636464,0.346944172156455,0.298010943122373,0.430894470678641,0.253721315612288,0.286868340616296,0.524878287423058,0.303440403418054,0.359870620102108,0.30058876418526,0.359361395404358,0.415843959195628,0.354670832161748
2001-10-01,0.360385909665442,0.304557936558686,0.359986666446579,0.338744998611864,0.258994224875407,0.366335278809133,0.338246737079376,0.434171203764797,0.252414662897465,0.290101328393644,0.480398885175837,0.301936301734884,0.400711612464089,0.268250696078994,0.358935695658257,0.401686856088299,0.25620560793486
2001-11-01,0.372683471701755,0.285779031274566,0.382245312530969,0.294954033258451,0.268447722529134,0.388049130779968,0.282472328527458,0.441216652655611,0.241757270640814,0.315895098436141,0.474854783312359,0.319973565285133,0.371569883751835,0.241396304000444,0.337648512247706,0.401822411388534,0.29928945796011
2001-12-01,0.361699008287302,0.278262020560404,0.419494267122816,0.237683460958552,0.272508228306305,0.37442009657563,0.257236435105514,0.446414909012272,0.287090487918592,0.316438275652715,0.537180920101137,0.276181307407002,0.352718996137249,0.25835144794235,0.34035530996675,0.391990426283125,0.32441007297463
2002-01-01,0.373216401601837,0.290351569402222,0.378015687598143,0.202045660188048,0.304471314171597,0.344467508297237,0.276716686458303,0.443988248859395,0.272612824255175,0.265135159502731,0.552287202718337,0.32091495771235,0.340966027906823,0.394402113951629,0.350672089850072,0.403141031026847,0.362224011318563
2002-02-01,0.379948351944929,0.320005592422425,0.423410814936735,0.291631719583319,0.291073989971361,0.359104993670283,0.284930759558139,0.45713469046001,0.267817206726929,0.340233517993164,0.512725316270896,0.325280006210375,0.375077721105644,0.312863784803486,0.337671413964648,0.421124373393347,0.332102021697459
2002-03-01,0.377050666851402,0.29663380132557,0.399490407209529,0.269989656872807,0.336564110198185,0.432430869030458,0.263897086010656,0.460333814195651,0.314994354086465,0.308786382395602,0.570699419035999,0.374226858737775,0.353902926570081,0.350373538572919,0.360570803622862,0.433686343705861,0.339349840981415
2002-04-01,0.378241645852215,0.281854838232422,0.413962062018158,0.315160546780899,0.27284376424754,0.35018735236319,0.254338458229994,0.452121835502694,0.299485060043993,0.294629365876772,0.523876860835549,0.356536866635359,0.360102250138049,0.290888153003211,0.365586104623989,0.449924038154885,0.731301985630882
2002-05-01,0.377526455742483,0.312157118396987,0.402973815624823,0.24620880879617,0.289426177930302,0.343273213974199,0.219238766463224,0.448595675263468,0.293930735132082,0.312829644792115,0.507534104512325,0.327621428319449,0.375494800844337,0.290915303727266,0.342810953166497,0.427112486629049,0.3858815423597
2002-06-01,0.375895262921546,0.28831189055455,0.394455969540668,0.214465911757166,0.297578349591642,0.336442323664887,0.247692875967746,0.452129666043136,0.362470621581153,0.30292948542378,0.495530545722767,0.325865390780493,0.371954418222901,0.275527946565273,0.34693598402003,0.401636064397049,0.383977125666028
2002-07-01,0.364078985124508,0.288328378766846,0.415889268306291,0.2625852595944,0.27732455277072,0.346600643825784,0.285970205698695,0.445342346182043,0.320985129758019,0.28179680768728,0.500375515000234,0.303770325619187,0.382553967261334,0.283926766144492,0.344068997817149,0.41091627467331,0.392240278319407
2002-08-01,0.38583812828906,0.344761426311351,0.373330606697931,0.236372371310376,0.302923703627992,0.363922436542972,0.28020176398875,0.461512743268282,0.311714390705022,0.290387399065151,0.546728820538689,0.377641137703464,0.388471739683936,0.413724539128722,0.35083023198181,0.400574974788661,0.270399208980663
2002-09-01,0.395176536555524,0.304710315160308,0.403572973919652,0.280209919658376,0.280175916201175,0.363217984900258,0.242407096870849,0.46247589757179,0.287805597288756,0.319554415573448,0.528492907925188,0.392660393504083,0.436816243882609,0.276851880113243,0.365212370581315,0.40190947629755,0.339281154117247
2002-10-01,0.370979395098578,0.308376920309807,0.378056538146594,0.284454165332029,0.271194991499679,0.358661756676219,0.319040663479346,0.449135172910636,0.277353503607087,0.282718015640015,0.455920683178424,0.305023161199484,0.390380583216876,0.333804492714113,0.354198937308085,0.43515776162583,0.335369833117643
2002-11-01,0.375682453012123,0.318177905301778,0.424237419800863,0.261243961517355,0.289875435417471,0.370234211393105,0.302963171826488,0.460306148747567,0.292790242093252,0.307845617719041,0.517552377154378,0.321742879091461,0.416617203681068,0.257846417156602,0.367783473223397,0.410033317943373,0.297289899685732
2002-12-01,0.381439111500058,0.318589497555831,0.422678938749364,0.248461156882994,0.298096072645369,0.391016722501182,0.347736194035615,0.45912542878809,0.287216431344382,0.331238912467386,0.423459926349467,0.338795938690032,0.510404475001614,0.28211173921166,0.349392241912856,0.407373498778072,0.294783991099145
2003-01-01,0.358025391188767,0.31140385773039,0.384858817031826,0.367861161884028,0.312405410424488,0.360747165769162,0.310375730721458,0.46442508883422,0.34971996878719,0.418013792130106,0.534743130018519,0.372638275820017,0.754410666634278,0.282266789254172,0.353905246044441,0.406616771662729,0.322359808989579
2003-02-01,0.371723130977963,0.319554915470598,0.440021867133986,0.358393562452884,0.305476451537307,0.359973924141714,0.318032991144727,0.473912042741852,0.314623288553083,0.345737568852329,0.504499773914075,0.412784978747479,0.576603237670163,0.507831372557001,0.386313185215407,0.42078087785862,0.329173112009636
2003-03-01,0.395790265241078,0.33232129587939,0.4541348338724,0.430095147399286,0.344856613840327,0.402815202581904,0.243123264693389,0.482223255116304,0.305189934344831,0.348561699039933,0.524620693043398,0.455684685284902,0.527768121421102,0.318307607802978,0.407736376921521,0.425624091698866,0.336071283932726
2003-04-01,0.373963050429102,0.348588064372562,0.441590059784595,0.401368484994102,0.30725658534689,0.355022934715057,0.263343708031709,0.474530192421559,0.276448428932315,0.41567408737851,0.518984707255921,0.392703425277432,0.392655466180284,0.346502182711705,0.415578897301448,0.426782140330056,0.240978578248804
2003-05-01,0.371963025540954,0.341540198590923,0.395938314717788,0.420317821347471,0.296924810029636,0.361333115319184,0.303287840528791,0.462555937849393,0.295129009417149,0.33312763407366,0.478851403673421,0.29985338329264,0.409704980509675,0.369162582051355,0.370565451534972,0.448783137543244,0.289043363465674
2003-06-01,0.353514746957188,0.301281640563475,0.422549196857561,0.326222646882183,0.338784214775402,0.361586530979598,0.301813934831674,0.454680550959781,0.307423049777077,0.31753146811603,0.474798688017064,0.350243596661708,0.39698736432337,0.297413481358653,0.368487325946612,0.448385908868051,0.291896392339114
2003-07-01,0.365945443229636,0.327790863934205,0.394097469435212,0.371456478951651,0.311160005485994,0.382729504593803,0.289639742928313,0.451333394810356,0.288934243083743,0.294902083263765,0.465694989336963,0.343924989734876,0.402780585005315,0.435582852891088,0.372200951792865,0.411981297706187,0.296489009240385
2003-08-01,0.37607937291203,0.306943363222148,0.396383804164845,0.265423683143902,0.310599484416729,0.368306054000904,0.268157442638449,0.463858982359149,0.306422888157507,0.305196907412161,0.52773162285849,0.333293415533094,0.370608074680166,0.295651064569773,0.394386983113644,0.458444627308678,0.325992572361339
2003-09-01,0.357371873421862,0.310992739953802,0.411839527638005,0.249838735677792,0.303256816794016,0.338039692142166,0.287435107568095,0.449135851006906,0.278995534498514,0.29625767234705,0.528291516182746,0.333786447928103,0.368382651809345,0.306703438890038,0.385270245060872,0.412784434328598,0.282820744856204
2003-10-01,0.356295205297192,0.322760343822769,0.422432093676368,0.464508479878831,0.284799103826693,0.372723273617295,0.317298214545173,0.455348013902055,0.33336516186842,0.330836535579683,0.531717270483518,0.338008753180949,0.407979385859621,0.423152393480137,0.388290170165786,0.395752370736095,0.613881510596824
2003-11-01,0.35877231759942,0.319391992037032,0.402377343347041,0.3961579664506,0.335907003360205,0.362019263689056,0.249505467748337,0.446130918931321,0.316660297309979,0.322526482349168,0.519177661510736,0.333881517311668,0.392511531458444,0.295404915208668,0.355775160905452,0.433721456542385,0.178208679674694
2003-12-01,0.348383034433384,0.324693736239104,0.425379760380931,0.259404201260755,0.324399938558163,0.356417631487598,0.308584811529742,0.444789026562908,0.322153622657366,0.291055981470773,0.522810765475616,0.310732238002025,0.399771036033399,0.26537195600269,0.372429131927201,0.407398030313914,0.267416059515273
2004-01-01,0.3458275349226,0.323039565769535,0.392564046638527,0.225584653869191,0.30770895939679,0.335390219169034,0.323795811033141,0.443464857659116,0.346186004761873,0.334990976940297,0.505102464627016,0.315989415670691,0.380761502261689,0.26767629158052,0.385028457337222,0.426373690551913,0.287847461743461
2004-02-01,0.354089010826979,0.321048221513353,0.42747527439461,0.271632006996327,0.301231627347837,0.358646207455505,0.271450121190871,0.45544150115804,0.304184336401596,0.324713265868798,0.462507648575955,0.354077463547804,0.381276634022135,0.308646472817294,0.423507122476915,0.443040204097664,0.244394017258125
2004-03-01,0.372958681035112,0.314337095191464,0.42529008952446,0.248312191621974,0.333073279147365,0.373305268100444,0.359017775669425,0.456318401791958,0.263810002689774,0.327409776863709,0.521406773170516,0.32330885337278,0.434934926910717,0.384989451069152,0.388918631049213,0.438424657273516,0.281180892782249
2004-04-01,0.349090992793926,0.322041672834646,0.401869434543457,0.323507977075875,0.347630151820053,0.366093742243756,0.280891999661667,0.461860209955664,0.287992591655965,0.319432367032464,0.521129527052639,0.32379116285907,0.362118714037045,0.233246956696535,0.40585521680089,0.483186670351458,0.255040247550727
2004-05-01,0.355087405852541,0.329160193175125,0.391154194705928,0.279374436311145,0.304575956032545,0.327346368245875,0.259614759210809,0.43069026661111,0.279769121667918,0.331668060060351,0.44900498251559,0.29577963444429,0.371972232114426,0.339914897949086,0.382231135389366,0.413773919980564,0.253274463796728
2004-06-01,0.324721862750952,0.323673526607903,0.382486109203492,0.278772274622869,0.325143721988558,0.368572371069082,0.224747418291674,0.424212218476189,0.286364810460025,0.352124244741893,0.464442924509202,0.303626489173812,0.353622396604108,0.297321183919586,0.363406792479814,0.403591435050121,0.278026145516687
2004-07-01,0.333927306876668,0.30845968613742,0.396187575163816,0.267003086396534,0.339922196880378,0.341950255337702,0.278654254853114,0.427741429600691,0.318221749575716,0.303193301417239,0.446157982160686,0.284229755723267,0.351481718408092,0.288973405445298,0.352848685160936,0.456472713356534,0.292009555140714
2004-08-01,0.342615986837489,0.35805556825465,0.382833656064725,0.265396852076879,0.348281766490509,0.342045018182127,0.302156909609858,0.440511463470297,0.304964941933208,0.313004313088451,0.514408090998111,0.323248661900979,0.390249115329954,0.276410632080636,0.367933108610663,0.468023880363823,0.316766773418555
2004-09-01,0.331830540090968,0.31188681624135,0.390203615222385,0.253129710942181,0.297489738685105,0.314308530099233,0.267485589337882,0.428845942985092,0.339938694497037,0.333702204369156,0.555168597785077,0.30061800115177,0.36031985914861,0.364341015889558,0.378785975451318,0.393441294066479,0.276342357811064
2004-10-01,0.340555040794595,0.318339598548169,0.402743571649641,0.229910704173272,0.381274607088245,0.348627412867981,0.24699566761119,0.431764414632831,0.292356730728778,0.31923683153656,0.527491892388456,0.346850689537792,0.380111215203508,0.314361353223575,0.36562642410374,0.428903147225507,0.287115028632717
2004-11-01,0.339110836312256,0.353272400814499,0.399035991125042,0.288938247051291,0.302266177351576,0.365400043620986,0.234043466515825,0.425782890668796,0.333894437800334,0.310097610960642,0.486166088686054,0.415687853789075,0.387014549287218,0.289107055493915,0.36216294459196,0.41007558458705,0.228419341714492
2004-12-01,0.334264801000333,0.33006462320085,0.392575133917929,0.364295221833649,0.338228203791314,0.381668806391561,0.323039494226462,0.430271178463256,0.292873670952969,0.343554155716079,0.470972903538181,0.361495855561765,0.452178228865768,0.24461358335776,0.366000174839345,0.41283648401439,0.293802679926752
2005-01-01,0.348006966320632,0.323615165291175,0.422882763888572,0.269158265116257,0.329833378864815,0.358978995638497,0.281859753396057,0.429985328980043,0.330765481156813,0.306488263503835,0.493722114087766,0.331849061852796,0.356097862798014,0.324186019973541,0.362571221397437,0.429018047141854,0.307797978226123
2005-02-01,0.33781835923897,0.322839665243093,0.405636473983981,0.629733100314572,0.351042637141065,0.360347505469712,0.312570942888292,0.439985282076285,0.349534196702756,0.362538460875366,0.492491587592595,0.321213290537736,0.389571945087003,0.30504585001337,0.376498172184452,0.44549095201999,0.326596981445438
2005-03-01,0.340165974456291,0.313749071213698,0.439056779025756,0.261586445382397,0.315510400272788,0.383882353902443,0.279948711728915,0.443754867607884,0.313679732761249,0.310429870477325,0.554938733378237,0.381697105785825,0.355292615144184,0.274935036398669,0.412017883690033,0.428911246229603,0.293913690851213
2005-04-01,0.35225898793212,0.3262980923081,0.391922802460969,0.26849004961311,0.348451253338177,0.369887446629285,0.256274662022597,0.428485159419089,0.293359122362444,0.32366145377566,0.489036576221719,0.327037476408197,0.346556318644042,0.288413313535785,0.385817633062544,0.413061493689281,0.241214498392549
2005-05-01,0.355362256082741,0.318343988355466,0.393490262837549,0.354490752041743,0.330038982968399,0.32848239317259,0.29780641839177,0.429679422878943,0.249360450949268,0.335408602789861,0.457567797256988,0.314446669098527,0.366413296027721,0.316858839351342,0.370533943958898,0.456978734442435,0.282906702556488
2005-06-01,0.335951221083712,0.32364290986221,0.381126132285224,0.335842748649098,0.319718197571221,0.333684319104228,0.312508807541981,0.417092918812858,0.287266142200672,0.33895383181747,0.443195291968331,0.353269975987008,0.393221464196889,0.31154622143614,0.380223000851786,0.39404770719065,0.276837453123667
2005-07-01,0.335404905397295,0.323077640895208,0.384139003281332,0.306987474465246,0.315627440372827,0.339442284197554,0.278075382360143,0.414640863507073,0.286837623405522,0.343585490021323,0.45751692179458,0.356342388047808,0.370780229338313,0.39806211912876,0.358019911532901,0.399229043778549,0.321568400660023
2005-08-01,0.331881651510294,0.342134112535033,0.376835052865536,0.252840550405147,0.303987413888547,0.390068792842994,0.301490183700843,0.424502927434159,0.258528148706497,0.34173085510567,0.53033785333866,0.300147124279792,0.346203315548688,0.295652747498184,0.354489922596649,0.429690829424294,0.339855957015872
2005-09-01,0.332057185605159,0.318875057316417,0.371454019682885,0.252902955563083,0.327840971484903,0.316274013014144,0.252079238322087,0.417099116190707,0.295589859694988,0.36093838454859,0.531991343961724,0.294085780126696,0.371480257384723,0.280999567772697,0.359572454229439,0.407897467464977,0.25456259065125
2005-10-01,0.335645538847001,0.355610934819392,0.376557784776646,0.286579776682076,0.324015249508124,0.355776428554045,0.319430347511606,0.413680779772909,0.309354060512282,0.307253585358246,0.520759942008201,0.30888150490775,0.345100060151823,0.325787507221252,0.341333261891476,0.402328000112679,0.24996295723615
2005-11-01,0.325933973122957,0.345248417666962,0.376682567828567,0.279936774663054,0.291589482759238,0.394687998659649,0.257983686062762,0.419202180949567,0.268296486666969,0.372580569247616,0.541799590331653,0.295169845823607,0.404287935688259,0.282698450302729,0.349928053214607,0.434967552308987,0.340551553151204
2005-12-01,0.320114626458098,0.314636678646727,0.415266433468768,0.249034625837714,0.33625206570285,0.395632782551109,0.231720696218156,0.418268034563889,0.266814198179064,0.347624439572916,0.4820968096583,0.364453003767002,0.413184537965545,0.316823783248604,0.379066311015216,0.420211241017561,0.383574592437327
2006-01-01,0.356407364725862,0.313859162806178,0.384946127964,0.247698800226263,0.376293613716132,0.319284185557932,0.259670704231258,0.424590509994585,0.340493460413271,0.34090646198734,0.508130139128244,0.291216047330117,0.354943464253178,0.308524208556827,0.377309778926598,0.443372318639751,0.284258276976456
2006-02-01,0.349010503178104,0.348455711630351,0.412303415014306,0.244189911222121,0.323286596236119,0.362497950247674,0.303967108680992,0.435402676576305,0.326561334650163,0.333186024271993,0.467656050577336,0.34016377900471,0.405008631182187,0.301668037266949,0.381488355133976,0.454305729868347,0.404349993739849
2006-03-01,0.361875450240783,0.336797237810342,0.425337535759286,0.279298957082687,0.354673034465404,0.34765413256967,0.29834342191913,0.448012872545799,0.351609931124861,0.320704303074343,0.575834559510651,0.339788523175174,0.378654021410682,0.298764147600631,0.380433604828058,0.463284515032086,0.374637353246761
2006-04-01,0.349636865076709,0.330102937302651,0.408653652682378,0.306562912866278,0.310895556132169,0.341312956912741,0.266610551799165,0.425035810786699,0.30735820055857,0.325767660476234,0.518490103873408,0.317778360357584,0.392247687168364,0.283683672394829,0.382040997304011,0.404965418041004,0.303872179164319
2006-05-01,0.340292248642447,0.316211599819847,0.400441195213112,0.332243210051022,0.311258403329084,0.343486966733653,0.248876324179764,0.41133971020778,0.275653599543689,0.313815887649134,0.484006971692176,0.307027870694653,0.364729875510817,0.416276604721,0.343645184199938,0.428625846533903,0.270681768053706
2006-06-01,0.340872801040103,0.374904669489714,0.357559423855232,0.306052997296499,0.368315233085321,0.342420912714453,0.267957631768346,0.425210854635229,0.296442849777135,0.316465084350904,0.471258903340059,0.337762225044633,0.35684347324468,0.302235114855801,0.339592918992742,0.477381513568556,0.314549219179172
2006-07-01,0.337609284152383,0.323489175805187,0.398400955930158,0.314824255602635,0.365875270322045,0.357024134532129,0.323501139254223,0.415327473487618,0.315581529170134,0.294651887586667,0.523571412007256,0.338415457131609,0.360616005004404,0.373443890386746,0.350661000376212,0.411776233715297,0.369245203672768
2006-08-01,0.350146132159339,0.300419957266149,0.379854142928595,0.274488843229004,0.31025616978004,0.348929102567299,0.268010692677128,0.417598886996321,0.292106166155642,0.331816103281842,0.529717394809995,0.323265925990248,0.400502976029879,0.277570566553907,0.337204534762814,0.404256294407883,0.373325202701308
2006-09-01,0.344853117931179,0.325724096884694,0.392137814388843,0.241022320894525,0.283736753528764,0.356593778664963,0.257077771785291,0.411485050492044,0.342441587707579,0.321489592619958,0.525956646649594,0.346467244737405,0.36480279462646,0.259450553278329,0.335112241909697,0.43106700700232,0.370163402260488
2006-10-01,0.331276209925244,0.315958703525958,0.369711748183201,0.271481410603442,0.302648590723934,0.302779826206916,0.310165317607793,0.4054024649635,0.299171978656439,0.327330065938511,0.537995274595802,0.31321898568429,0.38488984618519,0.348203818877419,0.335002847452787,0.415356348407129,0.260408636143247
2006-11-01,0.349747334439723,0.338801128859019,0.392402966841343,0.302724186896056,0.324690746243652,0.338619912928717,0.267314561667339,0.41254549870287,0.317427175000525,0.337145673284037,0.484090208982761,0.317104759128522,0.339704717843855,0.328022309141738,0.345619101367769,0.409824416911302,0.419392911751173
2006-12-01,0.33504404021489,0.31632212875152,0.435585492208301,0.302422829377404,0.307390552093059,0.360123141940705,0.328888371523507,0.4110070473827,0.291628659352082,0.320229943837081,0.497812683659251,0.323244921112756,0.348311952210827,0.343085464475062,0.33454052343966,0.398867746403966,0.270682221460986
2007-01-01,0.33216091697694,0.308801126419731,0.400478315592799,0.279792526648902,0.329661908209384,0.345810402183298,0.332510837035245,0.414877032806387,0.329303785601408,0.351965656777563,0.499446002156191,0.314346749741849,0.375036980653127,0.341297598066072,0.366741578646847,0.424419371781074,0.351564887823501
2007-02-01,0.346974575827752,0.301951091582443,0.389595663911402,0.32598532665339,0.334725490251018,0.384878537371618,0.242253794050314,0.419078997566316,0.324434103911323,0.353558126064165,0.450033995055566,0.340268672482718,0.374664009163271,0.280357712149071,0.349303025646308,0.439950517435207,0.307617681136782
2007-03-01,0.357371129914585,0.333486453723858,0.404376907892033,0.327860924023849,0.313449829366321,0.328679195738115,0.249138799639744,0.441313133832385,0.289619218824673,0.322587778717714,0.564574279380293,0.351236509972775,0.402053516205826,0.328918556321993,0.360211515643128,0.441159304854396,0.327597272658038
2007-04-01,0.353747939716656,0.328668315830494,0.408425550861311,0.303778279307448,0.351321166008182,0.356553455902495,0.272562719000531,0.431042166993286,0.282313740740143,0.331567808656094,0.56452222821354,0.335742075342421,0.423895552699255,0.319253767735731,0.368316127789118,0.444195656819461,0.291257106807561
2007-05-01,0.348368492828065,0.321796730023377,0.361967634229204,0.350618134164199,0.298661867512353,0.336662176998819,0.296188413429459,0.413051744302249,0.293205419220854,0.330887504719873,0.554517346525698,0.333058626555363,0.400444868417774,0.307815852825169,0.345476238237101,0.420431847390558,0.286678315340416
2007-06-01,0.340575213227214,0.30592441689843,0.38457794693632,0.357029738657372,0.301023439620779,0.304092339901789,0.291491561490663,0.410654221646453,0.322611794044626,0.333939141914659,0.464545158214792,0.304408758080749,0.39156614615801,0.298931314062485,0.354017085019463,0.42638936777661,0.361494404569684
2007-07-01,0.333061108128247,0.331372983439942,0.366566198210017,0.267813017092253,0.335426400633407,0.342850801509103,0.306601926811375,0.402313973832992,0.298304929619172,0.334994493718497,0.457660877544221,0.335334050429588,0.386482228740874,0.313580649891095,0.351660934541891,0.408104570457741,0.314987530172036
2007-08-01,0.338343667592979,0.312575614359533,0.376867009224261,0.295212669489032,0.319493304854901,0.33228319955887,0.338169618561031,0.421180979675842,0.296257725160629,0.318247366847189,0.574049422413693,0.310229644155321,0.383714348550435,0.325246009263094,0.334573302419972,0.468813589905652,0.291402415331873
2007-09-01,0.343097686036115,0.331910167368225,0.359268492743173,0.299638227352067,0.328063404733819,0.305895861631315,0.263765291445448,0.410727257650821,0.345863271434018,0.336998409907331,0.53535312712799,0.347617456639108,0.391899816153646,0.322406122772874,0.336361927697016,0.425643473484316,0.317849519228938
2007-10-01,0.343015360339613,0.321163117195879,0.356723043214757,0.307358661719294,0.348465457867441,0.331075253716916,0.341142333723412,0.408994229556374,0.360913309171468,0.355303498915591,0.531943973709361,0.314043118302826,0.379038368856062,0.290913710111906,0.332801318249699,0.407385509833519,0.33444114541107
2007-11-01,0.35166741577587,0.319277904286727,0.406164499388458,0.277323537016445,0.334406389734133,0.353814226425897,0.252539246520182,0.41519014282142,0.311172016091563,0.31548703333786,0.519105583994133,0.334485604942102,0.40072006283399,0.339372717149162,0.34240722316334,0.41227984109948,0.343178381622646
2007-12-01,0.343798104788948,0.314312633617013,0.395729204556514,0.308905611873241,0.322261961640843,0.352657139348015,0.357549760729833,0.415238562900281,0.375155190381078,0.311114308035366,0.475105969074012,0.321376651784822,0.354257751099257,0.369224976397468,0.374278562060261,0.412835217138957,0.350510819215828
2008-01-01,0.344184207747049,0.340948272414509,0.370623914585997,0.239176771851228,0.324345329415581,0.323264726491232,0.337895870437214,0.407349186869769,0.325844922909736,0.310395981079195,0.495516648392265,0.334934971602178,0.37216449519564,0.266193100975222,0.341119419572677,0.402633316307105,0.404190296205322
2008-02-01,0.355270050782677,0.329366930461287,0.385890195655337,0.363249474774735,0.308126925606498,0.328486608168351,0.315547649151063,0.422232715852346,0.361708652597893,0.336493711418386,0.449229085410337,0.353482390245069,0.390571905100199,0.28919272010582,0.337865803360685,0.459481286758398,0.315522882207506
2008-03-01,0.357189514198414,0.338230907496881,0.425463009794493,0.313679439136615,0.328430065516421,0.357389409930988,0.314581249904091,0.437921997738833,0.345233975284946,0.294080120451599,0.557349309788406,0.364007822243496,0.371708562563941,0.343761180586768,0.354692420932838,0.430131624070046,0.308515503095275
2008-04-01,0.343163335359073,0.324838846111427,0.397847552376815,0.302916000256565,0.328654598793935,0.329309425693758,0.304199622026507,0.417283699725717,0.362583120117857,0.340704674597352,0.514483972939329,0.343761957273006,0.378466349624595,0.330198102159851,0.351150906468606,0.43286078428738,0.321994532019902
2008-05-01,0.358352116387227,0.333293176357769,0.374013910585816,0.289747573291664,0.328567270648014,0.302234217847414,0.264092165784492,0.424055345863629,0.310661672920713,0.35494089429586,0.500169366220586,0.356903104536854,0.357538571412103,0.311359365355105,0.335095231727194,0.490861903994132,0.289507051691889
2008-06-01,0.33278712314022,0.314235934508785,0.360962111946018,0.267027909876781,0.301998802133383,0.350516604590497,0.294775402053129,0.403765944971801,0.31243035663935,0.337042981891331,0.468542273567073,0.352159975761083,0.401423463094891,0.319042193121335,0.339951662127531,0.416783923099715,0.266411515525831
2008-07-01,0.342664342711569,0.304520445883118,0.37485919584355,0.290312310855904,0.346601147049643,0.323214796424115,0.316761755244236,0.406050711672318,0.321148748276251,0.317959847885421,0.465224936059142,0.332084311482792,0.396922828309965,0.340994573876745,0.331049150544555,0.411798194387423,0.251846567786557
2008-08-01,0.345718738072129,0.317907526316135,0.371268972182223,0.292818212516967,0.310426037569944,0.334366211039307,0.279611232053187,0.413950942083034,0.299566241963348,0.348020484493581,0.570176949058644,0.325911983139986,0.369086518539878,0.31329304797576,0.331497391881928,0.42275934770273,0.279513065860973
2008-09-01,0.339869421084738,0.326258317366131,0.347835938081183,0.273441852412866,0.351888243324299,0.319067200962715,0.258085741770424,0.402612667859757,0.311021444356792,0.301732978534998,0.5427684264557,0.358186343993052,0.347698762497892,0.346286887669072,0.329075573686665,0.399202105440559,0.271825672483008
2008-10-01,0.3387643864912,0.337722769769115,0.364098898291102,0.310904828634825,0.282051405914166,0.339327668089369,0.306181374977495,0.405772235736493,0.305546424908543,0.30925548359404,0.54589681605148,0.328447165448793,0.363329810072796,0.35535127150969,0.343430987087291,0.407253930257042,0.313838460012777
2008-11-01,0.333717477638443,0.32707672290876,0.393363852880525,0.298487817255262,0.324155523483556,0.347787717404981,0.27290527025449,0.409666347415229,0.31951994974585,0.325696887665382,0.500063041713297,0.32778057183843,0.348137775506244,0.342198352132656,0.332803420409342,0.430557578024499,0.404342455542374
2008-12-01,0.342463913003516,0.310686578091991,0.374659734482347,0.304519295178808,0.300968156585148,0.351077119733682,0.37815615289375,0.399532872613418,0.326984870835972,0.319220488934906,0.409164675498422,0.35420053825618,0.353072177386908,0.299704432040776,0.32374930545162,0.424077493145088,0.35315946371073
2009-01-01,0.337892912064691,0.309563152978862,0.361586832148223,0.311233575499619,0.341249416796836,0.321086552744791,0.272453952276746,0.394593744503777,0.306571643869687,0.311056734938145,0.472549312729264,0.338304928930971,0.366961567564496,0.320996675368867,0.33176136521467,0.394856135665393,0.296866714040789
2009-02-01,0.35514912431438,0.307614940176844,0.393757400173261,0.256567410566155,0.312373780853092,0.337600633331584,0.290489863210657,0.412649605445631,0.346077742940644,0.305863912380146,0.461872314798472,0.367328442201314,0.350052329102825,0.32696929782993,0.345178779129941,0.41432788751825,0.27624859664878
2009-03-01,0.336390477240353,0.334567229867232,0.392924196228543,0.283101227198446,0.321298395909848,0.38221623449937,0.314469141267173,0.431221514865542,0.283098818557281,0.301349561306051,0.510484557952983,0.385937903104931,0.368384801993643,0.269630091686346,0.344646640473885,0.494357458867679,0.28204312777018
2009-04-01,0.363234589063309,0.324197357234055,0.383134527849411,0.30020601897905,0.314191616918096,0.341886806171744,0.4001037207725,0.415168080430113,0.293279448221441,0.306160346046573,0.511097822238706,0.337951618449068,0.356080163967619,0.297528670588521,0.345688952854296,0.41618222084358,0.323612607751986
2009-05-01,0.340656135422875,0.31578297690879,0.369833987298862,0.269067436667752,0.334785002003167,0.329508785644525,0.235779506744535,0.401223150695183,0.292225481649827,0.328130434949406,0.418705270846575,0.333918835388668,0.330405343668006,0.309780040649291,0.352029109154362,0.434371110325042,0.286700762518573
2009-06-01,0.340093467555744,0.322780418770383,0.366967198266534,0.277684913354702,0.296671790377904,0.32364952551731,0.327638996371846,0.396985021543117,0.309871228783909,0.310158534246513,0.448615108753551,0.31733904130056,0.386276905895847,0.271996788815463,0.336832333824385,0.39505314580782,0.276933690591761
2009-07-01,0.344496396427772,0.331201710820126,0.373708424311424,0.240793243246446,0.34993577021398,0.33865246126378,0.324854705750245,0.405555857158681,0.267156993023063,0.31610155434159,0.496677915651977,0.355078674183934,0.345515948369237,0.312258881776483,0.328851944538437,0.396779467334498,0.300818802847616
2009-08-01,0.350478255645109,0.315517818464312,0.357663216536988,0.252739028097197,0.332347976827974,0.349170653978481,0.273633776111884,0.402173083142663,0.276412892091254,0.29124031059437,0.496498858698509,0.328262285833014,0.352387080329488,0.371752974133147,0.335970802075263,0.408203855891822,0.33865285519412
2009-09-01,0.35113881438105,0.310896941857376,0.370976813212859,0.240159139521845,0.34632466284994,0.316199500080132,0.270326148803488,0.407669871290307,0.29033004976272,0.304741181687667,0.516797359056501,0.341101514674616,0.336121249395144,0.293951952379162,0.342115485384209,0.40003324991141,0.353156966408214
2009-10-01,0.329642538255729,0.32747564171659,0.366664320972562,0.288035221450267,0.319023375156196,0.371912991376319,0.30625616721103,0.398584151921404,0.279587841360351,0.309696325107068,0.493032331258904,0.327987547375845,0.329677503696924,0.292571556315061,0.321996761344748,0.407382922508895,0.325822597835308
2009-11-01,0.340252267250686,0.3385282033246,0.365106482987549,0.24725674706785,0.314297686845638,0.333190949047548,0.253492460962869,0.405560252233479,0.296099554725432,0.297116304723551,0.510608933666091,0.334778693525763,0.358851316959548,0.341672596146569,0.339208818089255,0.401988834950421,0.310331155893651
2009-12-01,0.345309037549231,0.316210851981258,0.393486554790642,0.267033187616068,0.333211602303219,0.375893910404969,0.290320602809536,0.408161639212876,0.335971809456956,0.337798085630903,0.462682614302354,0.319444042412841,0.335743912290355,0.296093155905809,0.330921314194599,0.422971063669375,0.251742015081604
2010-01-01,0.342177469716913,0.33563109989775,0.387347670821101,0.302006535605972,0.326889619644022,0.347244672155061,0.279953166960697,0.405131470616623,0.307844018629267,0.31982012080038,0.479482349581449,0.309225362854381,0.30342780390882,0.349685047682401,0.340240663549743,0.407837215152456,0.308945752580092
2010-02-01,0.344719811281423,0.329189189973546,0.36941646270574,0.242238819936986,0.312675036145834,0.358799579246506,0.249593867265742,0.413822016651254,0.318441593021995,0.319123469196326,0.460093571280444,0.374746353318326,0.371326815599545,0.2373523446496,0.33533446185185,0.445472345731994,0.301874719346765
2010-03-01,0.360543263577398,0.324885608191091,0.398500160489796,0.308462718766305,0.295019774732535,0.337484803308898,0.28871630011307,0.435194539557609,0.273702456838231,0.331924107702104,0.502454232789126,0.373242060662075,0.376928468409716,0.318840541401884,0.34766771355314,0.496605969878886,0.293659588352695
2010-04-01,0.379894485361654,0.3242690969652,0.381450738264662,0.313237548915235,0.337619546028541,0.343297536266486,0.256703215102809,0.425073730041201,0.275743239333744,0.318190759466282,0.463937288500356,0.343761627540778,0.392333826361574,0.329371778091444,0.344226054857122,0.429012496038336,0.431118703809523
2010-05-01,0.351251291236573,0.321135793628218,0.371205972735535,0.261293824959911,0.321816146295691,0.337322035426423,0.279248672932847,0.405955823705241,0.289261364243706,0.316774483730706,0.430513809635444,0.299881240000637,0.335953715898391,0.301459585479744,0.337162132380748,0.406186951158125,0.280606483983375
2010-06-01,0.347089942567076,0.321472237389857,0.344042532790475,0.282130941792273,0.314238932385382,0.347665031076901,0.204410251162446,0.406148729086056,0.295546524908043,0.297758819087126,0.465169986987343,0.314969565749436,0.354365830152352,0.350359418270869,0.346400514087003,0.413068305593801,0.257674439295186
2010-07-01,0.343122798869447,0.324596406250391,0.356032632905462,0.259218956784067,0.32453847235303,0.340987986790553,0.280143019895165,0.402884930286514,0.27005048106642,0.301767456807481,0.490494710972734,0.343372682511284,0.314849975306405,0.296794899417129,0.325076024129742,0.406290770187581,0.356403954380319
2010-08-01,0.348343260604018,0.330268232880891,0.365991108759682,0.254266472666176,0.311543907098484,0.348539862945503,0.234479694932829,0.409894620603357,0.289230779166248,0.292291024522682,0.515808271594802,0.339696454761129,0.336221973336294,0.294493365514401,0.32372434915513,0.415411263957524,0.2471739879941
2010-09-01,0.338490499672602,0.315183608020718,0.356669125611288,0.250222648880147,0.304451219988799,0.366830560368821,0.264742282326653,0.401624996973592,0.259747991544362,0.289827745880597,0.542306854314893,0.300804263251773,0.343009666802129,0.318732405247021,0.321966871752544,0.38705584132231,0.389379767464612
2010-10-01,0.348702020895995,0.30687676696439,0.382681126463567,0.268989426028957,0.315792343955871,0.384501567144031,0.235820059215901,0.406841934633201,0.279229618308937,0.31953999745447,0.507837106012895,0.338690780322587,0.340425822664516,0.313393446033295,0.334120828596699,0.388622405399852,0.328772791122571
2010-11-01,0.35180622191934,0.332615954412653,0.372911999508714,0.263778010884114,0.285462375197672,0.395509181967049,0.267553495699696,0.408199426048533,0.304564942879885,0.287345655460912,0.480281502149226,0.321844872681049,0.34084822182809,0.301292788351283,0.322841909833457,0.411133754883359,0.264251271555226
2010-12-01,0.371366280924457,0.326507461855034,0.399021876955829,0.24928320740472,0.309893032164668,0.353987673626593,0.251415488634284,0.417858167926591,0.406773420475903,0.330260316118716,0.439665216915063,0.342164847857881,0.31970479889994,0.312195136006711,0.339382043226701,0.412056927138679,0.44926790402432
2011-01-01,0.342001522442896,0.334558838613058,0.380398940643999,0.269590482050179,0.315977146914527,0.348142424551623,0.243277939923256,0.402340353062341,0.405641531326755,0.292782442578228,0.458141760633122,0.324572319999614,0.319080914837322,0.315988214962044,0.336556800068605,0.402026545686734,0.264944283599951
2011-02-01,0.358471678598846,0.381262807083451,0.389073928990543,0.283832975082542,0.329124858206172,0.336910561056561,0.24252071432228,0.420455656904989,0.381667350946044,0.291165729008662,0.46630435106734,0.325838113886442,0.338212944638785,0.346933763484901,0.319819612306778,0.437956342261455,0.282095421581114
2011-03-01,0.372715663529074,0.341008499880702,0.390572324534718,0.253377070787862,0.331214353986081,0.361133607805181,0.254866559282738,0.426499954802922,0.283778136422739,0.287148087071084,0.447451737203779,0.368898684226796,0.313444692699407,0.286495829056014,0.337656826116412,0.47067298277461,0.269936641781222
2011-04-01,0.365230767579685,0.322698303954102,0.372403821074129,0.265805586306784,0.319693484807234,0.333476301415103,0.254015509339536,0.408968736578932,0.317427692003121,0.294736505491952,0.462878109443545,0.354927827964184,0.336588978766934,0.377652172835123,0.320547662283889,0.415893473728168,0.329410930635547
2011-05-01,0.361099661808601,0.335062183992028,0.37427592141634,0.275020309106687,0.322315172456331,0.348197348897583,0.265814079849996,0.409755915134852,0.328006335260019,0.29834714826374,0.432111990217173,0.323114830925553,0.359416959333114,0.286485345793481,0.32967735864721,0.415347500786501,0.32043394968316
2011-06-01,0.366920579435517,0.328719534600859,0.367802194370284,0.267971753032468,0.32566750571955,0.328147182646423,0.259504912658976,0.407834241525544,0.364928036998766,0.304732066844413,0.403205011179322,0.328285303954275,0.347548800363896,0.294202499843419,0.319787397595387,0.427938669293279,0.26403800899424
2011-07-01,0.348212035169261,0.315121349860456,0.3994003833354,0.27803850086849,0.318428989481726,0.330580917012496,0.28683660014991,0.411682681105116,0.376954205705259,0.312874790779805,0.437972703095939,0.334928816714131,0.352807234816261,0.36063101887967,0.332534903553451,0.398094989851873,0.285933463779355
2011-08-01,0.355185484435086,0.329924286645899,0.386441905061941,0.281520897946735,0.292387997830953,0.336659012190254,0.262316391042718,0.410598526514601,0.352176897338669,0.281993086805369,0.506528039760407,0.301940327856838,0.336433800736445,0.275094816053983,0.321906910325724,0.399985893781101,0.270824929938908
2011-09-01,0.351408717210632,0.314131739648876,0.388951806840277,0.291897167623404,0.320003339874399,0.3738712346701,0.257718764894127,0.411316085499573,0.329005189571077,0.287673230094665,0.513003451456201,0.311382367151668,0.316832945285626,0.273481518189998,0.31907254099375,0.406925137262107,0.2956696037082
2011-10-01,0.360865711941056,0.316308569244699,0.40236204520751,0.241887498281952,0.304666748202833,0.419533690980476,0.244206081730768,0.420093227963558,0.352760531862351,0.294363467792577,0.507699826839255,0.369155244824535,0.295135696805936,0.370966990379418,0.315406531175569,0.390952744306798,0.30177269119202
2011-11-01,0.385620256576125,0.314305618150021,0.380501577736229,0.26810318198634,0.334277166979539,0.357436041733628,0.257544528253014,0.422287947921465,0.376776305092257,0.29422291833095,0.481192599365717,0.333283671422438,0.32487648363211,0.279082328236984,0.324215927276061,0.416417238219253,0.408466863865114
2011-12-01,0.365290262749015,0.324934972140961,0.414727915374876,0.259100439348244,0.318861874465065,0.370310251675329,0.253465026190315,0.420856197150298,0.317320480311722,0.289002048128729,0.45115592874986,0.340394553890863,0.347305209419036,0.394840429492727,0.331975713305325,0.420355391365698,0.259459258570063
2012-01-01,0.356186773707019,0.317805246396308,0.402891581323435,0.35301012162334,0.293563741387246,0.356859031672074,0.234002021933942,0.412603671881074,0.389153722136734,0.296418013351957,0.467201018555488,0.301432559339926,0.331077058302091,0.280256273340146,0.324281996076082,0.404169579045302,0.352850949510878
2012-02-01,0.360312405996082,0.321199019161069,0.422629750069172,0.30271406933948,0.298361551764542,0.352869553120155,0.241915004043185,0.429309398360897,0.30160615527733,0.306146786183373,0.469079995358949,0.353946503106496,0.35168451918472,0.308238097174206,0.346554706521603,0.427412134208448,0.31547716119898
2012-03-01,0.364829993210721,0.339445027654257,0.40186508624821,0.282251476484015,0.330002235394667,0.357206378586511,0.218572055844573,0.438217795421542,0.335742995995472,0.295624063201499,0.474250088541648,0.37799337001949,0.344178787320679,0.290427863099226,0.368266035626565,0.46655004833527,0.343354166570811
2012-04-01,0.38196797286606,0.304687233416427,0.402840725417767,0.312315378125084,0.331381196462342,0.33762592655361,0.218921407654394,0.419326588779685,0.339940624467477,0.265463833194684,0.446131235600861,0.326095484183212,0.327138510948175,0.309773778855367,0.343339684923288,0.42899416243569,0.318133625904553
2012-05-01,0.359865619520075,0.325519445612203,0.4075182788902,0.313427261141932,0.308975743928508,0.350793402233051,0.268058882250309,0.418547954424931,0.385010603545558,0.313334883172006,0.415304984852646,0.345923486290377,0.328418318517942,0.293701219054019,0.332843165215606,0.422742711534668,0.279679836923821
2012-06-01,0.354185847979079,0.295376580564964,0.402076863398158,0.225289046975333,0.295018863037922,0.359844759155377,0.251227325164974,0.411486824973054,0.273272676748851,0.279101307176399,0.422472271270816,0.353581982373861,0.34599059263987,0.346750133959948,0.342840324043573,0.411534067782486,0.32212604749835
2012-07-01,0.343769727303037,0.321215373941114,0.407811977141845,0.304548292653314,0.323834951526068,0.336012164333718,0.232415802186434,0.4115916349995,0.350332883912907,0.302574095679964,0.482931610679664,0.306663533462295,0.325709550373157,0.289707738612844,0.339349740782672,0.398767206775986,0.298332597523187
2012-08-01,0.34886923210803,0.29383678737771,0.393246688985302,0.242292187441763,0.28786841675047,0.331802906178387,0.264528627508342,0.409977707474407,0.37565513869227,0.27483153594252,0.509670882669093,0.352531426606418,0.327029239596562,0.296998552050985,0.332854564899774,0.397804725677066,0.29252769149302
2012-09-01,0.347305039664807,0.300974233794377,0.383175157927082,0.274361813148094,0.312438168755068,0.353896770886366,0.254567726900112,0.411213171464624,0.319681905499614,0.288192528125803,0.523218264136621,0.340286266093412,0.311650416628186,0.32703190151602,0.353890784262149,0.377650605740093,0.324491276749864
2012-10-01,0.351723387742794,0.308228744979128,0.403500496439556,0.257739360136487,0.320177267623348,0.352216271739892,0.259646427593661,0.41159400099202,0.337502798837293,0.297988117437307,0.47919275925838,0.287856918700024,0.322630964252185,0.336411889682809,0.326547951814712,0.392391182954854,0.317821205536086
2012-11-01,0.346335535762522,0.320644809283098,0.401748879366297,0.256475112486884,0.300224293957891,0.334936333350498,0.263522548757362,0.410149990052331,0.374745219385085,0.267774233513367,0.46906544102467,0.340235385055012,0.368499000671114,0.286848182959737,0.334243142602331,0.401434738619284,0.223940637186171
2012-12-01,0.354239371769108,0.299963268147973,0.424797539915086,0.379706388729305,0.268308052961188,0.379174590607574,0.234825397957363,0.422332007224651,0.327967632896825,0.271656117106474,0.470319821851338,0.279933268137659,0.362854311028286,0.272053042049197,0.333452909460599,0.435164944971377,0.244632633225981
2013-01-01,0.352106810593974,0.311747327020213,0.415112994500537,0.259220008562416,0.321964977945672,0.361086172904233,0.245063327222439,0.41630387172187,0.357590815571893,0.291085659014629,0.457230854768101,0.329274991535807,0.324366241045777,0.316400138222776,0.327325472208348,0.408443641176544,0.268025601413678
2013-02-01,0.357251634455735,0.336766393247911,0.44274806592869,0.284972363371956,0.300498371637335,0.348826876459661,0.247141577392494,0.432394539444692,0.380455047452262,0.268898053277309,0.470079329756822,0.372410712131117,0.400540540879054,0.268533192976251,0.346880670472012,0.443516312098287,0.256794664781964
2013-03-01,0.356064876065807,0.31775873148826,0.472411543698707,0.303395813653669,0.278214413938493,0.345292651442572,0.214787097594346,0.448916150795893,0.363987578749928,0.34874996611577,0.48077125423544,0.411482493876976,0.330053943007148,0.333274200273794,0.350316318341576,0.485541076380754,0.269453121779372
2013-04-01,0.375563665984243,0.324979714194413,0.448645203113888,0.285873589649606,0.299879233491974,0.339971692957889,0.237587078958628,0.429431642300917,0.37035553728477,0.286091190098504,0.475066557818243,0.327380838106765,0.339068761304429,0.248722652578813,0.353918826236443,0.418659428196487,0.264644359193619
2013-05-01,0.350930430307145,0.308420003333746,0.426653464007375,0.242395402012469,0.331073030609179,0.335839429670246,0.264513467429275,0.419393753483398,0.352378804825316,0.277380085531901,0.434670766696728,0.336829070307074,0.352214347325476,0.352484214493664,0.331671866454988,0.424794997203257,0.287710780689092
2013-06-01,0.338469819637995,0.347454101202657,0.449225538705803,0.27278105082919,0.297477526244747,0.34562221948487,0.247603355481048,0.419385043849872,0.355629216129255,0.305045746547087,0.435346634356669,0.339611896277339,0.355154903648661,0.240482030017426,0.338998685938869,0.401249043531183,0.264983798625835
2013-07-01,0.352446414326771,0.303577296847242,0.450923531841061,0.253899831112301,0.290679630015129,0.377666407395663,0.257990396777099,0.428937308309406,0.404007072904592,0.296270601051177,0.455039036192895,0.355465464276332,0.380563234609725,0.340709839208615,0.343028960993325,0.407407270073144,0.257623892735402
2013-08-01,0.348985861562423,0.313926401233658,0.455381848386032,0.255707636472352,0.302042890853962,0.326886291074798,0.304263934032698,0.423744613435163,0.353677288957163,0.281831193143159,0.497145653461111,0.336851840818567,0.357583190408978,0.288445853251068,0.345077405425262,0.398262347658831,0.270408588526841
2013-09-01,0.344397372172054,0.30886995979873,0.4341705406486,0.287536600462422,0.295877721177599,0.363785557453588,0.293576482487414,0.420577741232008,0.354934201914253,0.279463638102152,0.50569744810649,0.281588587135617,0.359942428942759,0.298900122225696,0.339822444281925,0.396201129626313,0.27634440500081
2013-10-01,0.351829195943759,0.306810208456838,0.447134553992981,0.303451793645323,0.300093330608894,0.356536984339901,0.248160203882627,0.422122463580995,0.365073781021909,0.291014622062114,0.490328722576173,0.342223071990253,0.371487228542413,0.283999907517911,0.354056550692192,0.389267727301405,0.264047467107513
2013-11-01,0.35518354914777,0.338517094790108,0.452213976976157,0.257552423956555,0.298722169018153,0.373353418557955,0.230380683816514,0.422604865820231,0.351284808206633,0.270834849345448,0.460995769746682,0.324923488617911,0.372615899783752,0.251094909437348,0.327468090833685,0.408939588519407,0.253359565139189
2013-12-01,0.337906296182612,0.316455307291565,0.447774321208962,0.236818522349956,0.285559071749957,0.370874719066445,0.243831117338287,0.415912350948553,0.341079918752748,0.287723933294155,0.448029112013281,0.301242192450593,0.408491509331617,0.322371775021779,0.333137870440895,0.411664824963887,0.260528422640573
2014-01-01,0.353714202958764,0.32036874916113,0.429504633829237,0.329018538594409,0.416412319296342,0.345196234887901,0.225838689335585,0.423373421562004,0.363475629809433,0.291535196093269,0.465791155229599,0.300608959149799,0.368480162860815,0.269026694644631,0.331969004547786,0.389622199410211,0.30241595784852
2014-02-01,0.366996142313865,0.329531726162837,0.44114276689156,0.32053256786021,0.292587072000062,0.358566604808102,0.279108894812695,0.438933369470868,0.305001078387767,0.308510451842765,0.488178459000908,0.359150317344721,0.376484205512406,0.353279130631792,0.33605694983909,0.433802855845289,0.237840961799728
2014-03-01,0.363580266316069,0.346570628736612,0.451827599130325,0.299165180783362,0.283098536337605,0.351841995899547,0.246540202407942,0.447754054519868,0.37035003618251,0.318266885809519,0.471139610623696,0.370650929508455,0.368527057950131,0.38077615114717,0.34970989685257,0.465091006951031,0.223396500251314
2014-04-01,0.373177662178809,0.337048387394099,0.440710797612656,0.286369302410029,0.308211762954832,0.332440659727557,0.212908901938878,0.437701631970817,0.36660300246299,0.268475380539325,0.480972819580881,0.352187657408531,0.393731291392011,0.356845732166403,0.350217702508352,0.45203961828848,0.242490629517553
2014-05-01,0.341189371846678,0.323988785158279,0.42403287240433,0.25034479619235,0.295727443718855,0.343199255570247,0.277389139563263,0.423135181084121,0.34442784248296,0.282772643466358,0.480398696480551,0.312233700311462,0.372036387731059,0.268643874509977,0.345462767916069,0.414799284551482,0.252125643752589
2014-06-01,0.335230312232624,0.33110456744233,0.407509165497838,0.28227144410732,0.343283933034619,0.333249240040235,0.248369164705615,0.421783204663537,0.277525821358947,0.305227557039562,0.449162653152499,0.322299333873221,0.351926175467825,0.315288400602405,0.366155156798349,0.403861436859212,0.278799652284762
2014-07-01,0.363184223408437,0.331677075805468,0.444816539011417,0.292616754575774,0.292447619373957,0.343457232261679,0.248778668280936,0.426415254314344,0.347368178598236,0.272626361562496,0.482622705884626,0.310298078972916,0.331874093298969,0.302461341717451,0.334495503467458,0.402031521708147,0.200487897379306
2014-08-01,0.365869541945514,0.337599977341227,0.431045020550951,0.253777992907238,0.306920629796298,0.36220743783953,0.238645308043684,0.438526620607786,0.309936834963093,0.279841829746529,0.516962067527539,0.38224530222134,0.323619937167926,0.357067971497531,0.349263655891675,0.411545575526613,0.293191135883878
2014-09-01,0.356884492414311,0.329047486531845,0.422747548187491,0.305483773058717,0.31105978651932,0.343380333392478,0.25936440072752,0.426597803347759,0.295476119280578,0.28645458130412,0.541713349963175,0.318509882981652,0.331063006922411,0.313862244981509,0.333598388484503,0.393288918699591,0.257063365666981
2014-10-01,0.355169454098529,0.342189105800575,0.401485386976572,0.246594716313152,0.310672590688467,0.382117893918572,0.259989965430031,0.429953580293003,0.315580962451718,0.284021811867163,0.496576136450858,0.310586126437713,0.388285664698242,0.32563354113454,0.323009133585758,0.419658224049832,0.232987378952704
2014-11-01,0.347750142560617,0.337890071359504,0.414423834971374,0.284239813336907,0.31356053223845,0.363705882609143,0.253606355396868,0.429551186578134,0.339548937892746,0.277850732491232,0.496777793733824,0.307215033597812,0.362059983853216,0.414316321604386,0.334495672611596,0.410710630318853,0.266082465284153
2014-12-01,0.352986461438322,0.366771946836822,0.394551692431122,0.215518097138836,0.341468537855886,0.353676289326395,0.241746578440166,0.431807486722519,0.377382768138488,0.300513458227199,0.467369915477247,0.321651079601199,0.377221149080352,0.281839440942083,0.333598217338506,0.427458074761457,0.296093837247486
2015-01-01,0.353458635682116,0.342677130044312,0.41351360095774,0.297948556773371,0.327931801674119,0.354317967479582,0.271802468344835,0.430731307905956,0.299083326072567,0.308135715360857,0.476110415042946,0.337684897040127,0.349341250616673,0.309937608568785,0.354101988084957,0.411824166742955,0.248546986929147
2015-02-01,0.365409447912132,0.335588450238888,0.432632468985411,0.302721020375506,0.301896126918978,0.368985791513598,0.285589483438045,0.442858267291149,0.374686308465186,0.271968562673728,0.450744531059721,0.354435853466962,0.341916947392575,0.283575286785737,0.324170129179973,0.466012475233354,0.233648159034423
2015-03-01,0.37492947069487,0.327949962327752,0.429623500712545,0.285000759815907,0.326966834195849,0.364036217629519,0.253231218151543,0.457912032640671,0.438196892412925,0.301587018657456,0.471431434723128,0.399367089067472,0.371483076842051,0.366646625042727,0.344571186604184,0.485364866581975,0.264075102792036
2015-04-01,0.375180272880172,0.364627541357579,0.400127002033052,0.250812795328088,0.303626017237091,0.346461764747525,0.256523605428357,0.438356493968728,0.368610941442288,0.307593043292834,0.498723581362543,0.363712523575954,0.344418708239137,0.308591313237928,0.340840921792839,0.440403526314049,0.27712797362632
2015-05-01,0.353529914466403,0.34058440076157,0.372199501183151,0.271433314536202,0.303986083170376,0.326524751674813,0.272502271493927,0.423299041980417,0.308760789743035,0.297134568588479,0.483817798561702,0.309037204707853,0.335103057386705,0.312198877396482,0.355787381945421,0.409377049705271,0.300575009132113
2015-06-01,0.348564803416132,0.325337957675856,0.394316090380254,0.270142052745847,0.302092386199345,0.328486114907194,0.248176414968542,0.426772820527039,0.357497448663872,0.296934473379561,0.466411138700526,0.332452604436859,0.337324443977386,0.283534487621796,0.350607016111202,0.424298800456386,0.276646155327232
2015-07-01,0.348310535215689,0.325076819708903,0.408094642026896,0.250770663581336,0.280073276181277,0.346050640923421,0.240334871423134,0.425882793817892,0.332560069375461,0.298211914315183,0.491955370854865,0.331370699941653,0.323457157574452,0.281166155218403,0.341898702158671,0.406073188248212,0.301219560258779
2015-08-01,0.365090639566972,0.33835295919617,0.389857483704335,0.307670253741009,0.290261594572187,0.342766432074976,0.27294018726188,0.43550173948397,0.322084306167987,0.287973637020005,0.504642785491347,0.321924161770305,0.356984221735047,0.297233400292914,0.344249513856058,0.421375539160437,0.279370631706412
2015-09-01,0.347782452249745,0.327202405387043,0.398950487877923,0.278073123620659,0.303922816683659,0.367544557689639,0.260319301939184,0.434904198054987,0.342782173365623,0.312091270033354,0.542653847164928,0.34369336733702,0.298175524642785,0.299796906407983,0.355814801434021,0.422425413602115,0.374056030911182
2015-10-01,0.339755795294114,0.331568630513554,0.382893945134143,0.32442599443409,0.300281148793677,0.366242197825339,0.22041282196432,0.426730405722807,0.33540703030431,0.276317358797694,0.501980942768724,0.309151093599725,0.354380084097934,0.323384364627767,0.337526335454759,0.403448448164926,0.313359979045738
2015-11-01,0.349161261084318,0.343894877851926,0.379273089154415,0.331745206364729,0.301504243607255,0.364043197130265,0.257223844539534,0.428126818004755,0.309315276833085,0.282302365299366,0.470032907157341,0.32314825331484,0.369830880545888,0.306697909933064,0.349667944659747,0.418323919005231,0.355227038678021
2015-12-01,0.362055317404377,0.323321979369859,0.39091998000917,0.283043702900383,0.304296370264489,0.352505100205197,0.251214573221285,0.427487449024459,0.358037252966633,0.298801181632121,0.485383768375497,0.27449677296224,0.329464848531146,0.322589949675606,0.353967442401388,0.420959003606217,0.351949463268835
2016-01-01,0.339404854283977,0.363392224304925,0.394125459092298,0.253410306903197,0.382064076584768,0.366081279333493,0.231127838798978,0.433803640997863,0.367438819194115,0.300974404981197,0.503866697981168,0.378776349618499,0.310602875586,0.305483048348482,0.394370924269758,0.415755732282281,0.393441069094507
2016-02-01,0.36781677034589,0.358739141572774,0.381336729104633,0.237086302304076,0.320852591524756,0.362938323290852,0.270003905749586,0.450142839719367,0.361580767743415,0.298182097417132,0.488759150130545,0.364427704113213,0.365760361362349,0.319204770454177,0.357099833510674,0.467365370109597,0.349726947114637
2016-03-01,0.359050902998859,0.367223479007563,0.424158905064678,0.320459591643004,0.284063349369917,0.390041829118991,0.225282356728467,0.455405609861498,0.35955076765291,0.300623069509482,0.504468388160786,0.426041790713163,0.348269996586441,0.383500607090975,0.365571647914897,0.487069602293459,0.284581311272163
2016-04-01,0.354313528509598,0.378900897134354,0.390502593984649,0.267807803953809,0.319483509544707,0.342582872986021,0.272606227549298,0.443223565798895,0.350687582403939,0.301341061359077,0.549210336737775,0.334145054666384,0.365502087882886,0.274274387077901,0.389052693839466,0.440425983827415,0.267217353993615
2016-05-01,0.357526145599067,0.362173215684888,0.371588990946897,0.294604574001467,0.287637665213805,0.347249460402484,0.266535831795746,0.42485890235424,0.289031776455136,0.320244260252392,0.517814117688158,0.342130598505231,0.32732492609751,0.284642220744831,0.330612944853684,0.408816089038,0.303246647520223
2016-06-01,0.359777753422649,0.334824023951095,0.369769132077501,0.210987401593563,0.293943722660077,0.361912062930067,0.203577537193533,0.426482965448557,0.40435778993025,0.311161051732133,0.509896211219244,0.328486188599111,0.306662148431268,0.361197335486509,0.346081227069445,0.411118711387955,0.284625856754853
2016-07-01,0.370419817256407,0.328357118183271,0.3647713798188,0.283387051992691,0.288426059704225,0.346426967691092,0.243959474920069,0.434595279349878,0.320223212908234,0.30746710732172,0.545901989797057,0.317979349128579,0.361113312708783,0.316511109547545,0.361250396750785,0.427845466615809,0.386897144538183
2016-08-01,0.360121149122994,0.343462927291935,0.352137341959208,0.282121260887424,0.338331623158146,0.336749981012655,0.292949747626208,0.427534052238446,0.379776409150711,0.29917587012922,0.528875968586922,0.375086815278806,0.33605119088357,0.324618785158952,0.342144659419052,0.414036131030173,0.303406957647543
2016-09-01,0.346961304729405,0.346180721041588,0.361110724986547,0.308777566850801,0.265695385079882,0.381437360782863,0.25074853308354,0.431532255211215,0.34975700047865,0.304402618169846,0.529334385039067,0.359911532100538,0.350908227328738,0.304339007564275,0.368321947689982,0.420445590266565,0.302908057819412
2016-10-01,0.3427381910634,0.372737978243141,0.348768329484865,0.268816335267845,0.31469894975645,0.355618971387314,0.266765282651912,0.421585781268524,0.418345385050608,0.311325257063444,0.530934427617299,0.336061116009381,0.318099964538428,0.29196804119786,0.34190013302593,0.408824855923049,0.31777477476485
2016-11-01,0.358988446400745,0.346524815584979,0.347105936671428,0.290925529673963,0.307818315214376,0.37908848806321,0.276590285572957,0.425771446140123,0.384105550838605,0.300494448178568,0.517204993639408,0.33608536107586,0.297336873781297,0.329587454388172,0.329081516373795,0.447203509798866,0.261140722717946
2016-12-01,0.343270412301368,0.355560030239772,0.359199149589455,0.28263963447618,0.330686414868269,0.34473162130615,0.235785515016963,0.428129979138918,0.275283778446291,0.288216028543499,0.489077348680711,0.297465427686321,0.326914140491541,0.289663130055146,0.365114955482533,0.47780410443128,0.266323233031206
2017-01-01,0.36064285110405,0.403055446787908,0.397228994186152,0.27900022799002,0.331661793107718,0.34796862610287,0.277441452717337,0.43911286887579,0.500007072650501,0.342387410166678,0.510747930147849,0.332035379277698,0.33284226181962,0.361027049007167,0.332565016114266,0.434382182718734,0.329179073004443
2017-02-01,0.378601763622441,0.348077027777065,0.385513341528329,0.298200289685884,0.313765091185406,0.346419280206608,0.24883875428788,0.45025440879835,0.398648937589263,0.320604350027473,0.533608276703587,0.351895989245976,0.325675172727352,0.34611637381929,0.361238466448106,0.452062929507362,0.2458746737863
2017-03-01,0.371679668318885,0.36069556202231,0.428859585057101,0.286847022446575,0.311894955666609,0.355828109409981,0.24462640753725,0.459111623777135,0.449410879267687,0.277417855613366,0.500786352545765,0.389733151937671,0.363101121576831,0.355592563396966,0.368571358652562,0.503138660883019,0.260220020796048
2017-04-01,0.382948711176452,0.393887529617883,0.398438986956241,0.329116391355966,0.329817136228133,0.346204627031848,0.270946414152835,0.447980798880513,0.249602830470403,0.317183800502348,0.519407397874034,0.366039344294676,0.299349950737773,0.325357208216787,0.360123201252245,0.464602321348777,0.36624523688841
2017-05-01,0.370131839025998,0.336704028973371,0.377618106635823,0.31513170052085,0.326010164288061,0.353350108521913,0.292258554323301,0.428801316827277,0.360189788576226,0.294302898236707,0.514549572763163,0.322699873082119,0.32387469211729,0.298843967030922,0.336194458427492,0.409211402934628,0.280182979953354
2017-06-01,0.365915343877975,0.36322869131223,0.379361135596885,0.248503276008049,0.381696208904108,0.331344523033093,0.290722846834336,0.430934260690075,0.447447729757309,0.296516731202521,0.490755188895715,0.288173251134477,0.336360211017704,0.260654482426095,0.344282766514,0.413813062088362,0.349819377798196
2017-07-01,0.370662380078836,0.359799164473215,0.393815610097577,0.441015127263735,0.316811865043375,0.332410237004555,0.242376489473665,0.4377498844117,0.425815349153999,0.462582779483643,0.538630518573124,0.288401996447191,0.324096101573301,0.272652134081545,0.328072958399996,0.408976121972836,0.309998115595964
2017-08-01,0.350731066285914,0.334318764125137,0.402044491645584,0.270672450426389,0.307095863168169,0.362943533233268,0.267477077507013,0.427530229552683,0.368209209917793,0.278501340131219,0.50163075813959,0.352201578129579,0.328865415508446,0.288930634423815,0.338921198721743,0.404763475737836,0.307826831757022
2017-09-01,0.360797309975751,0.358546622875283,0.440836929135426,0.277299389316913,0.301377660314501,0.396790753836345,0.241354514791573,0.438490207867963,0.39327172590897,0.354272454405135,0.511081849674048,0.317039023906151,0.319100156052588,0.291356172160864,0.323088897111895,0.411421538391536,0.341230289093756
2017-10-01,0.355691563226458,0.325425719272479,0.411000032028407,0.341313780986331,0.283949637059323,0.361440387958552,0.295292649763828,0.425210235874882,0.359742908240299,0.284205197862485,0.499484910406479,0.320768486911129,0.327392136345816,0.318067073073583,0.30281234283788,0.417771140806438,0.34808410285807
2017-11-01,0.347782133289137,0.351435573511436,0.419494707707969,0.324416463177601,0.292489373660516,0.350063305993624,0.253729304838799,0.432791677322586,0.368158877676795,0.291234823790661,0.514462077407794,0.334633760309777,0.320626915816687,0.352335234688498,0.338948209033158,0.449606928510074,0.221769094475543
2017-12-01,0.359985289105217,0.332807054505797,0.404993290737132,0.267572990737648,0.359849530951971,0.373362011920841,0.274695803623074,0.444481020766508,0.425464731142082,0.294344082487376,0.488501887322763,0.365809033101361,0.337530596040124,0.320958165197151,0.346439390339726,0.482884358077432,0.309765048379701
2018-01-01,0.36068975217166,0.356780184085747,0.463972078677946,0.258831365515368,0.277286899215922,0.343550060328165,0.234259562203579,0.445772732642152,0.372504673814506,0.287584751305066,0.536774699687328,0.296950342602142,0.331115056757702,0.315539543794907,0.323218861437809,0.445435817120987,0.310583421120652
2018-02-01,0.372708994704226,0.360854311489657,0.417411796982933,0.277914457537798,0.305598460544555,0.343869988294429,0.281372094085157,0.451562394629101,0.40597776444518,0.329397141682482,0.502155884060748,0.38791334966409,0.352936017669426,0.342337904696474,0.347462846055171,0.45298860645788,0.357634663065755
2018-03-01,0.368849175831915,0.374875825885491,0.411361277538747,0.356365530843842,0.31592706695007,0.39009733116627,0.306003655128946,0.456420058260455,0.398498927625376,0.293274238943541,0.532970738034378,0.34397454849056,0.328270630623132,0.357318339288087,0.365755830983166,0.483617846117475,0.338864125692962
2018-04-01,0.381264908167276,0.334973663583532,0.397771350997819,0.243903981575728,0.327844953662858,0.346933364249885,0.245864557022278,0.43662247442752,0.38130103206382,0.310122737098032,0.519788975980602,0.342627015268464,0.326502847504248,0.393670441846217,0.33848494998801,0.436052774428247,0.330344399156669
2018-05-01,0.370913010192956,0.352213977990041,0.380201079133364,0.309633514210378,0.321945796699836,0.359861009875033,0.273387193072906,0.428269610117073,0.366817511872156,0.305276560752733,0.529122705830291,0.36335345298683,0.317880979933634,0.327428645466509,0.320351233147992,0.435008206340399,0.280576288981065
2018-06-01,0.380503231554319,0.343003225438934,0.395942110869456,0.352429377171098,0.288693868974281,0.335830094372336,0.320202902288873,0.430882600163841,0.361932533588037,0.30770523079626,0.491380599010727,0.333864896515894,0.333988071174408,0.305880377668766,0.342152880875045,0.412960818386592,0.319983806897755
2018-07-01,0.366199686309102,0.312564941547379,0.410898868411164,0.338030236087825,0.2714607748826,0.367089106638078,0.242446450049358,0.434030814743285,0.390762573820945,0.353564494637341,0.527414764882867,0.335987239648405,0.335785422345102,0.36552573710154,0.335519243260049,0.419467539626387,0.357745923068323
